,gameResult,TOP,JUNGLE,MIDDLE,BOTTOM,SUPPORT
0,1,2.04,3.62,1.84,2.35,2.97
1,1,2.95,3.62,1.84,2.37,2.57
2,1,2.44,3.62,2.67,1.76,3.14
3,1,1.60,3.62,2.67,3.10,2.66
4,1,2.67,3.62,2.63,3.10,3.36
5,0,1.54,3.62,2.67,2.01,3.52
6,1,2.67,3.62,2.81,2.11,2.55
7,0,2.16,3.62,2.67,2.11,3.09
8,1,2.16,3.62,2.67,2.67,3.27
9,1,2.68,3.62,2.01,3.08,3.52
10,1,1.58,4.73,3.34,3.62,1.96
11,0,1.71,2.81,3.62,2.61,4.39
12,0,2.17,3.62,2.01,3.08,2.52
13,0,2.42,3.62,3.37,1.76,2.65
14,1,2.65,3.62,1.81,2.22,2.99
15,0,2.04,3.62,2.65,2.80,4.03
16,0,1.70,3.62,3.03,2.01,3.27
17,1,1.70,3.62,1.65,1.81,3.27
18,0,2.68,3.62,2.99,2.81,3.30
19,1,1.38,3.62,3.29,2.76,2.72
20,0,1.80,2.62,3.59,2.37,2.42
21,1,2.59,4.26,3.59,3.08,3.27
22,1,2.23,3.89,3.59,3.08,3.19
23,1,1.48,2.95,3.59,3.08,3.41
24,1,1.48,3.11,3.59,3.82,3.41
25,1,2.78,2.75,3.08,3.59,2.51
26,1,2.17,2.28,3.59,2.56,3.15
27,1,3.11,2.75,3.59,2.43,2.99
28,1,2.74,2.54,3.59,2.47,2.59
29,1,2.04,3.89,3.59,2.92,3.05
30,0,2.52,3.29,3.59,1.71,3.14
31,1,1.60,2.69,3.59,1.88,2.75
32,1,2.27,2.71,3.59,3.99,3.09
33,0,2.28,2.71,3.59,2.62,2.28
34,0,2.82,2.62,1.81,2.11,3.59
35,0,2.44,2.62,3.59,2.24,1.81
36,0,3.41,3.46,3.59,3.08,2.55
37,0,1.65,3.63,3.59,2.44,2.53
38,0,2.68,3.63,3.59,1.82,2.53
39,0,2.68,2.75,3.59,2.44,1.88
40,0,2.16,2.71,2.62,2.37,3.47
41,1,1.56,2.71,2.27,2.89,3.47
42,0,2.22,2.71,2.35,3.69,2.63
43,0,3.64,2.71,2.29,2.27,4.07
44,1,2.27,2.71,3.59,3.99,3.09
45,0,2.28,2.71,3.59,2.62,2.28
46,1,2.85,2.71,2.01,3.42,3.52
47,0,1.56,2.71,2.01,2.53,3.52
48,0,2.65,2.71,2.90,2.76,2.46
49,1,2.90,2.71,2.43,2.76,2.46
50,1,2.90,2.71,2.65,3.10,4.36
51,0,2.90,2.71,3.46,1.76,2.33
52,0,2.90,2.71,3.11,3.42,2.63
53,0,2.90,2.71,2.65,2.52,2.51
54,0,2.90,2.71,3.09,2.52,2.51
55,1,2.90,2.71,2.59,2.93,2.27
56,1,3.11,2.71,2.90,3.36,2.93
57,1,2.86,2.71,2.90,2.82,2.02
58,0,2.25,2.71,1.72,2.26,2.72
59,1,1.54,2.05,2.01,3.36,3.52
60,0,1.63,2.28,2.01,1.88,3.52
61,1,1.94,3.51,2.01,2.55,3.52
62,1,2.01,2.05,1.54,2.70,3.52
63,0,1.54,2.05,2.01,1.87,3.52
64,0,1.54,2.05,1.81,2.01,3.52
65,0,1.54,2.05,2.01,3.02,3.52
66,1,2.01,3.17,1.56,2.67,3.52
67,0,3.42,2.69,2.01,2.37,3.52
68,1,1.10,2.32,3.58,2.01,3.52
69,1,3.02,3.72,2.01,2.37,3.52
70,0,2.49,2.05,2.01,3.42,3.52
71,1,2.85,2.71,2.01,3.42,3.52
72,0,1.56,2.71,2.01,2.53,3.52
73,1,1.85,4.35,2.01,2.91,3.52
74,0,1.54,3.62,2.67,2.01,3.52
75,0,1.54,2.01,3.08,3.07,3.52
76,1,2.68,3.62,2.01,3.08,3.52
77,1,2.01,4.73,2.32,2.92,3.52
78,1,2.44,3.02,2.01,3.08,3.52
79,1,2.62,3.07,2.37,2.64,2.42
80,1,2.87,3.11,2.37,2.91,2.42
81,1,2.37,2.14,3.02,2.70,1.91
82,1,1.53,3.63,2.37,3.08,1.91
83,1,2.08,3.02,2.67,2.37,3.24
84,0,2.37,2.23,2.65,3.08,3.52
85,0,2.37,2.05,2.63,2.52,2.17
86,0,2.37,2.05,3.58,1.76,2.89
87,0,2.37,3.11,3.59,2.70,3.14
88,0,2.37,2.46,2.74,3.11,3.57
89,1,2.37,2.63,3.42,2.22,3.14
90,0,2.37,2.62,2.99,1.81,2.02
91,1,2.37,2.64,2.01,2.99,2.42
92,1,2.16,2.05,2.62,2.37,2.09
93,1,2.37,3.45,3.38,1.88,2.39
94,1,2.37,3.29,2.23,2.58,2.51
95,0,2.37,2.46,2.74,2.99,3.57
96,1,2.37,4.73,2.67,2.99,3.57
97,1,2.37,2.62,2.72,2.40,2.90
98,0,2.78,4.26,2.37,3.41,2.98
99,0,2.85,4.81,2.00,2.91,2.97
100,0,2.30,3.23,2.59,2.91,4.33
101,1,3.11,3.02,2.43,2.91,2.90
102,1,2.27,2.75,2.91,2.76,2.46
103,1,2.62,2.75,3.59,2.91,3.14
104,0,1.60,2.75,2.69,2.91,3.34
105,1,1.60,2.14,2.65,2.91,3.57
106,0,2.27,2.14,2.65,2.91,2.01
107,1,2.86,2.14,2.77,2.91,2.89
108,1,2.16,3.35,1.76,2.91,2.52
109,0,3.04,2.68,2.75,2.91,2.42
110,1,2.91,2.62,3.78,2.91,3.14
111,1,1.80,3.78,2.24,2.91,2.66
112,1,2.68,3.78,2.93,2.91,3.02
113,0,2.68,3.78,2.86,2.91,3.02
114,1,2.08,2.28,3.15,2.91,3.66
115,1,2.07,3.74,1.71,2.91,3.29
116,0,1.37,3.35,2.92,3.69,2.91
117,1,1.37,2.71,2.91,2.92,3.47
118,1,1.59,3.35,3.16,2.91,1.79
119,1,2.99,2.43,2.65,1.76,3.14
120,1,2.44,3.62,2.67,1.76,3.14
121,1,2.62,2.75,3.59,2.91,3.14
122,1,2.25,2.62,2.63,1.76,3.14
123,0,2.69,2.62,3.34,2.65,3.14
124,1,1.60,2.62,2.67,3.08,3.14
125,1,2.88,2.62,2.81,2.55,3.14
126,1,1.82,2.62,2.81,3.64,3.14
127,1,2.91,2.62,3.78,2.91,3.14
128,1,3.69,2.14,2.64,2.62,3.14
129,0,3.56,2.81,3.42,2.67,3.14
130,0,2.29,2.62,3.14,2.53,2.94
131,0,1.80,2.62,2.08,2.91,3.14
132,0,2.03,2.40,3.77,2.76,3.14
133,1,3.69,2.69,3.46,2.76,3.14
134,0,2.08,3.87,1.69,2.76,3.14
135,0,2.28,3.11,3.82,2.76,3.14
136,1,1.63,2.85,1.32,2.76,3.14
137,1,2.07,3.74,2.63,2.76,3.14
138,0,3.11,4.55,3.82,2.76,3.14
139,0,2.76,2.43,3.29,2.68,3.27
140,0,2.87,3.19,2.27,2.43,2.42
141,1,2.09,2.95,3.47,2.43,3.41
142,1,2.43,3.38,2.27,1.48,2.95
143,1,3.11,2.09,2.43,3.47,2.95
144,1,2.68,2.52,4.46,2.43,1.94
145,1,2.68,2.43,2.62,2.64,2.89
146,1,3.11,2.75,3.59,2.43,2.99
147,1,3.11,3.02,2.43,2.91,2.90
148,0,1.53,2.43,2.65,2.42,1.65
149,0,1.65,3.45,3.38,2.43,2.65
150,1,2.99,2.43,2.65,1.76,3.14
151,0,3.11,5.03,2.81,2.43,4.15
152,0,2.23,3.63,1.65,2.43,2.53
153,0,1.65,2.43,2.23,3.63,2.53
154,1,2.23,2.43,3.34,2.02,2.66
155,0,1.59,2.43,2.23,3.10,2.99
156,1,1.65,2.43,3.07,2.05,3.99
157,1,1.65,2.43,2.81,1.97,3.84
158,0,2.44,2.43,2.65,2.11,2.02
159,1,2.99,2.43,2.65,1.76,3.14
160,1,2.44,3.62,2.67,1.76,3.14
161,0,3.64,2.86,1.81,1.76,2.23
162,0,2.37,2.05,3.58,1.76,2.89
163,1,2.25,2.62,2.63,1.76,3.14
164,1,1.60,3.63,3.59,1.76,2.42
165,0,2.90,2.71,3.46,1.76,2.33
166,0,1.76,2.05,3.22,1.54,2.99
167,1,2.16,3.35,1.76,2.91,2.52
168,0,2.31,2.78,1.81,1.76,3.12
169,1,1.82,3.72,3.84,1.76,3.57
170,1,1.86,3.15,2.09,1.76,3.66
171,0,2.42,4.55,2.22,1.76,2.59
172,0,2.42,3.62,3.37,1.76,2.65
173,0,2.68,4.00,2.86,1.76,3.02
174,1,3.69,3.63,1.76,2.76,2.89
175,0,1.10,2.62,2.00,1.76,3.06
176,1,2.21,2.62,3.82,1.76,3.09
177,1,2.59,2.62,2.40,1.76,3.09
178,0,2.59,2.05,3.42,1.76,3.66
179,0,1.75,3.23,2.25,2.23,2.90
180,1,2.75,2.33,2.20,2.23,3.22
181,0,2.20,2.82,2.98,2.23,2.58
182,0,2.04,2.71,2.23,2.23,2.63
183,1,3.07,3.72,1.97,2.23,2.69
184,1,2.21,3.46,2.80,2.23,2.60
185,1,2.20,3.23,2.35,2.23,2.89
186,0,2.20,3.49,2.54,2.23,1.90
187,0,1.71,2.81,2.44,2.23,2.88
188,0,3.11,3.80,2.68,2.23,2.99
189,0,2.75,3.83,2.86,2.23,3.33
190,1,2.23,2.91,1.48,3.41,2.57
191,0,1.24,2.54,2.49,2.32,2.23
192,1,2.16,2.09,2.00,2.23,3.72
193,1,2.23,2.81,2.01,3.41,3.52
194,1,2.05,3.58,2.75,2.23,4.52
195,0,2.37,2.23,2.65,3.08,3.52
196,1,3.12,2.87,2.64,2.23,3.92
197,0,1.55,3.83,2.21,2.23,1.89
198,1,2.32,3.08,2.91,3.42,2.23
199,0,2.37,2.46,2.74,3.11,3.57
200,1,1.60,2.14,2.65,2.91,3.57
201,0,2.41,3.69,2.83,2.06,3.57
202,0,4.15,2.81,3.46,2.27,3.57
203,1,1.82,3.72,3.84,1.76,3.57
204,1,3.34,2.46,2.74,2.72,3.57
205,1,2.81,2.89,2.99,2.22,3.57
206,1,3.41,3.34,3.46,3.36,3.57
207,1,1.37,2.54,3.38,2.52,3.57
208,1,2.44,2.63,2.72,3.09,3.57
209,1,3.57,2.44,2.79,2.08,3.66
210,0,1.65,2.05,2.79,3.66,3.57
211,1,2.21,3.48,3.16,2.01,3.57
212,0,2.04,3.40,3.39,2.91,3.57
213,1,2.76,4.00,3.33,3.09,3.57
214,1,2.09,2.86,1.71,2.39,3.57
215,1,1.37,2.86,1.71,2.03,3.57
216,0,2.63,4.74,1.37,2.53,3.57
217,1,2.29,2.81,2.20,3.01,3.57
218,1,1.63,3.78,3.42,2.91,3.57
219,1,1.58,3.54,2.61,2.29,4.07
220,0,3.04,2.76,1.58,3.82,3.04
221,0,2.81,2.60,1.58,2.58,2.72
222,0,2.23,2.40,1.58,2.02,2.45
223,0,1.58,2.47,2.49,3.42,2.90
224,0,1.58,2.05,3.58,1.81,3.20
225,1,1.58,3.02,2.16,1.81,3.04
226,0,1.62,2.69,1.58,2.20,2.21
227,1,1.58,2.69,2.20,2.41,2.44
228,0,2.77,2.54,1.58,2.83,3.37
229,1,1.58,3.23,3.94,1.72,6.57
230,0,1.58,2.39,3.78,1.72,4.02
231,1,1.58,2.89,1.79,1.81,1.72
232,1,1.58,2.89,1.60,1.72,2.28
233,0,1.72,2.63,1.58,1.96,2.32
234,0,1.58,2.21,1.79,1.72,3.94
235,0,2.52,4.05,1.58,1.96,3.24
236,1,1.72,3.02,1.58,2.81,3.48
237,1,1.58,2.70,2.49,3.49,3.07
238,1,1.58,3.99,4.13,2.35,3.68
239,0,2.27,2.82,3.75,2.76,4.15
240,0,2.27,3.92,3.08,2.59,3.33
241,0,2.27,2.29,2.41,3.51,2.90
242,1,2.27,2.71,3.59,3.99,3.09
243,0,2.25,3.08,2.04,2.27,2.20
244,1,2.27,3.69,3.37,2.05,1.91
245,0,3.34,4.31,2.27,3.15,4.14
246,1,2.04,3.08,2.27,1.87,2.45
247,0,2.27,2.28,2.12,1.87,2.45
248,1,2.27,2.75,2.91,2.76,2.46
249,0,2.27,2.40,2.31,2.40,2.13
250,1,2.27,4.73,2.29,3.08,3.52
251,0,2.27,2.63,3.42,2.01,3.11
252,0,2.27,2.14,2.65,2.91,2.01
253,0,4.15,2.81,3.46,2.27,3.57
254,0,2.27,2.93,2.74,1.97,3.70
255,1,2.90,2.71,2.59,2.93,2.27
256,1,2.27,3.96,3.88,2.93,3.69
257,0,2.27,3.47,2.01,2.47,2.43
258,1,1.58,4.73,3.34,3.62,1.96
259,1,2.05,2.69,2.01,1.96,1.96
260,1,2.74,2.66,2.65,2.77,1.96
261,0,2.80,2.17,2.33,2.75,1.96
262,0,2.29,2.46,3.88,2.18,1.96
263,0,3.56,2.46,3.92,2.18,1.96
264,1,3.13,2.07,3.03,2.62,1.96
265,1,1.63,2.14,1.29,2.14,1.96
266,1,1.72,2.05,2.49,3.08,1.96
267,0,2.08,3.00,2.95,2.63,1.96
268,1,1.20,3.37,2.61,1.67,1.96
269,0,2.21,3.63,2.31,1.81,1.96
270,0,2.21,3.72,2.49,1.96,2.02
271,0,1.35,2.69,2.99,1.84,1.96
272,1,2.59,2.63,1.71,2.67,1.96
273,0,1.99,2.99,2.27,2.52,1.96
274,1,3.20,3.69,2.77,2.66,1.96
275,0,2.87,3.69,1.69,2.14,1.96
276,0,2.43,2.40,2.13,2.76,1.96
277,0,2.37,2.23,2.65,3.08,3.52
278,0,2.44,2.43,2.65,2.11,2.02
279,1,1.60,2.14,2.65,2.91,3.57
280,0,2.27,2.14,2.65,2.91,2.01
281,0,2.90,2.71,2.65,2.52,2.51
282,1,2.44,2.54,2.65,2.44,3.66
283,1,2.30,2.28,2.65,2.99,3.30
284,0,2.42,3.62,3.37,1.76,2.65
285,1,2.65,3.62,1.81,2.22,2.99
286,0,2.04,3.62,2.65,2.80,4.03
287,1,2.01,2.28,2.65,2.14,3.70
288,1,3.56,2.95,2.65,2.31,1.91
289,1,2.65,2.09,2.29,2.14,2.72
290,1,1.65,3.63,2.65,2.11,2.42
291,1,3.06,1.60,2.65,3.36,3.14
292,0,1.65,3.72,2.65,3.15,2.33
293,1,1.60,2.69,2.65,3.36,3.99
294,0,2.20,2.15,2.65,2.69,3.11
295,0,2.75,2.62,2.65,3.46,2.33
296,1,1.60,2.69,2.65,2.99,3.30
297,1,2.80,3.63,2.44,2.11,3.14
298,0,2.41,2.09,1.48,2.11,2.59
299,0,2.82,2.62,1.81,2.11,3.59
300,1,3.41,2.82,3.46,2.11,2.55
301,1,2.44,4.55,2.37,2.11,2.02
302,1,3.13,3.07,3.46,2.11,2.55
303,1,2.67,3.62,2.81,2.11,2.55
304,0,2.16,3.62,2.67,2.11,3.09
305,1,1.48,3.84,2.67,2.11,3.08
306,0,1.60,2.69,3.34,2.11,3.11
307,0,2.44,2.43,2.65,2.11,2.02
308,0,2.44,2.28,3.63,2.11,3.66
309,0,2.44,2.69,3.34,2.11,3.14
310,1,1.94,2.59,3.37,2.11,2.02
311,0,2.59,3.63,2.29,2.11,2.02
312,1,1.65,5.03,2.65,2.11,4.15
313,1,1.60,4.73,3.82,2.11,3.52
314,1,2.44,3.63,2.27,2.11,3.66
315,0,2.88,3.63,2.37,2.11,2.55
316,0,1.37,2.62,2.57,2.91,2.40
317,0,1.81,2.62,2.81,2.05,2.02
318,0,2.28,2.71,3.59,2.62,2.28
319,0,2.82,2.62,1.81,2.11,3.59
320,0,2.44,2.62,3.59,2.24,1.81
321,1,2.40,2.62,3.38,1.81,4.15
322,1,2.62,2.75,3.59,2.91,3.14
323,1,2.25,2.62,2.63,1.76,3.14
324,0,2.69,2.62,3.34,2.65,3.14
325,1,1.60,2.62,2.67,3.08,3.14
326,1,2.88,2.62,2.81,2.55,3.14
327,1,1.82,2.62,2.81,3.64,3.14
328,1,2.91,2.62,3.78,2.91,3.14
329,1,3.69,2.14,2.64,2.62,3.14
330,0,2.37,2.62,2.99,1.81,2.02
331,0,2.29,2.62,3.14,2.53,2.94
332,0,1.80,2.62,2.08,2.91,3.14
333,0,1.10,2.62,2.00,1.76,3.06
334,1,2.21,2.62,3.82,1.76,3.09
335,1,2.59,2.62,2.40,1.76,3.09
336,0,1.80,2.62,3.59,2.37,2.42
337,0,2.87,3.19,2.27,2.43,2.42
338,1,2.45,3.25,3.34,2.06,2.42
339,1,2.20,2.87,3.08,2.55,2.42
340,1,1.60,3.63,3.59,1.76,2.42
341,0,1.48,4.55,2.01,2.42,2.40
342,1,3.59,2.05,2.81,2.65,2.42
343,0,2.32,2.20,3.47,2.42,3.54
344,0,2.42,4.55,2.22,1.76,2.59
345,1,2.44,2.28,2.81,2.11,2.42
346,1,2.37,2.64,2.01,2.99,2.42
347,1,2.44,4.35,2.35,2.11,2.42
348,1,2.42,2.02,3.34,2.99,3.30
349,0,2.42,3.51,2.55,2.99,3.30
350,0,1.60,2.69,2.68,2.42,3.02
351,0,1.53,2.46,2.77,2.42,2.52
352,1,2.11,3.51,2.55,2.89,2.42
353,1,2.11,3.51,2.55,2.89,2.42
354,0,2.92,3.72,2.77,2.67,2.42
355,0,2.11,2.62,2.37,2.69,2.42
356,0,2.81,3.78,3.41,3.46,3.29
357,1,2.89,2.78,3.46,3.41,3.12
358,1,3.41,2.78,3.46,2.95,3.12
359,1,3.46,4.55,3.41,2.65,2.02
360,1,2.16,3.41,3.46,2.58,2.02
361,0,2.44,3.03,3.46,3.41,3.36
362,1,3.41,2.54,3.46,2.93,2.66
363,1,3.41,2.91,3.46,3.01,2.58
364,1,3.41,3.32,3.46,2.93,2.66
365,1,1.48,3.07,3.46,2.88,2.93
366,1,3.41,5.03,3.46,3.34,4.15
367,1,3.41,2.69,3.46,3.78,3.18
368,1,3.41,2.62,3.46,1.80,2.55
369,1,3.41,2.82,3.46,2.11,2.55
370,0,3.41,3.46,3.59,3.08,2.55
371,1,3.13,3.07,3.46,2.11,2.55
372,0,3.41,3.15,3.46,2.30,2.09
373,1,1.54,5.03,3.46,3.37,4.15
374,0,1.32,2.54,3.46,2.57,3.89
375,0,1.45,3.19,2.67,3.46,2.79
376,0,1.32,2.55,3.00,2.01,3.02
377,1,2.22,3.53,2.41,2.01,3.65
378,0,2.20,3.08,2.04,2.01,3.88
379,0,1.93,3.53,2.52,2.01,3.65
380,0,2.20,2.99,3.64,2.01,2.62
381,1,2.32,3.37,2.80,2.01,2.89
382,0,1.37,3.69,2.01,1.81,7.29
383,0,2.44,3.35,2.02,2.37,2.01
384,0,2.27,2.63,3.42,2.01,3.11
385,0,2.27,2.14,2.65,2.91,2.01
386,1,1.60,3.35,2.02,2.01,3.82
387,0,1.31,3.15,2.64,2.01,2.65
388,1,1.59,3.11,1.94,2.01,2.63
389,1,1.37,2.48,2.81,2.01,2.32
390,1,3.29,2.69,2.21,2.01,4.39
391,0,2.78,2.27,2.86,2.01,2.61
392,1,1.63,2.55,2.83,2.01,2.65
393,0,2.01,2.30,2.58,2.01,3.53
394,0,2.75,3.45,2.28,2.01,4.15
395,0,2.68,3.20,1.79,2.01,4.15
396,1,2.68,4.73,3.75,3.08,2.28
397,1,2.01,4.73,2.32,2.92,3.52
398,1,1.58,4.73,3.34,3.62,1.96
399,1,2.27,4.73,2.29,3.08,3.52
400,1,1.53,4.73,2.28,2.91,3.52
401,0,2.13,4.73,2.29,3.36,3.52
402,1,2.16,4.73,2.67,2.70,3.52
403,1,1.54,2.05,2.24,4.73,3.52
404,1,2.46,4.73,2.74,2.93,3.52
405,1,1.60,4.73,3.82,2.11,3.52
406,1,2.08,4.73,3.77,3.10,3.52
407,1,2.01,4.73,2.52,3.88,3.52
408,1,3.52,4.73,3.82,3.36,2.02
409,0,1.72,4.73,3.07,3.92,3.52
410,0,2.17,4.73,2.52,2.99,2.53
411,1,3.13,4.73,3.78,2.99,3.18
412,1,3.18,4.73,3.78,2.99,2.53
413,1,2.42,4.73,2.12,2.99,1.91
414,0,3.34,4.73,1.72,2.99,2.91
415,1,2.62,4.73,2.12,2.99,3.15
416,1,2.92,3.15,2.09,2.53,2.02
417,1,3.46,4.55,3.41,2.65,2.02
418,1,2.16,3.41,3.46,2.58,2.02
419,1,2.09,3.15,1.63,2.65,2.02
420,1,2.07,4.26,3.03,2.65,2.02
421,0,2.44,3.03,2.12,2.93,2.02
422,0,2.72,3.07,2.67,3.36,2.02
423,0,3.42,3.19,3.08,2.87,2.02
424,0,1.55,3.19,3.42,2.67,2.02
425,0,2.87,2.20,2.55,3.08,2.02
426,0,2.52,2.82,3.07,2.12,2.02
427,1,1.48,2.49,3.07,1.87,2.02
428,1,3.11,3.41,3.47,2.68,2.02
429,0,1.81,2.62,2.81,2.05,2.02
430,0,3.11,2.82,2.63,2.25,2.02
431,1,1.65,4.55,2.37,5.04,2.02
432,1,2.44,4.55,2.37,2.11,2.02
433,1,3.30,4.55,2.37,2.99,2.02
434,1,2.67,2.28,3.37,3.00,2.02
435,1,2.36,2.62,2.32,2.05,2.02
436,1,2.67,2.75,3.02,1.88,3.37
437,0,2.67,3.19,2.23,3.08,2.95
438,1,2.67,2.28,3.37,3.00,2.02
439,0,2.67,2.82,2.40,2.80,3.29
440,1,2.67,2.63,3.42,2.92,3.15
441,1,2.67,2.86,2.23,2.84,4.24
442,1,2.67,3.45,3.38,2.67,3.69
443,1,1.60,2.62,2.67,3.08,3.14
444,0,2.01,2.67,3.77,1.97,3.70
445,0,1.53,3.72,2.67,3.36,2.64
446,0,2.67,2.61,3.38,2.93,2.66
447,1,2.67,2.93,3.59,3.78,3.18
448,1,2.67,3.87,2.38,3.01,2.58
449,1,2.67,2.62,2.36,3.01,2.58
450,0,1.60,3.20,2.67,2.64,2.69
451,1,2.67,3.72,2.86,2.47,4.06
452,0,2.67,3.78,1.71,2.67,2.27
453,1,2.67,3.58,2.79,1.94,3.30
454,0,1.80,3.72,2.67,2.93,2.64
455,1,2.67,2.62,1.81,2.67,3.11
456,1,1.60,2.69,3.59,1.88,2.75
457,1,1.60,2.69,2.62,2.78,1.63
458,0,1.63,2.78,2.91,3.49,1.60
459,0,1.60,3.08,2.04,2.67,2.74
460,1,1.60,3.62,2.67,3.10,2.66
461,1,2.58,1.63,2.37,1.60,2.51
462,1,1.60,2.75,2.12,1.88,2.46
463,0,1.60,3.14,2.40,3.78,3.18
464,0,1.60,2.05,2.15,3.61,2.51
465,0,1.60,4.31,2.24,2.76,2.32
466,0,2.05,2.83,1.60,3.11,1.91
467,0,3.34,1.60,2.81,2.37,2.01
468,0,1.60,2.69,3.34,2.11,3.11
469,0,1.60,2.75,2.69,2.91,3.34
470,1,1.60,3.63,3.59,1.76,2.42
471,1,1.60,2.14,2.65,2.91,3.57
472,1,1.60,2.62,2.67,3.08,3.14
473,0,1.60,2.69,3.34,2.69,2.76
474,1,1.60,3.78,2.23,2.75,2.02
475,0,1.60,2.69,2.93,2.12,2.02
476,1,3.11,3.35,4.46,3.08,2.02
477,0,2.76,3.51,3.75,3.08,2.16
478,1,2.17,3.95,3.38,3.08,2.55
479,1,2.78,2.75,3.08,3.59,2.51
480,0,2.30,2.25,2.00,3.08,2.42
481,1,3.11,4.00,2.83,3.08,2.99
482,0,2.08,3.08,2.87,2.17,3.54
483,0,1.65,3.17,3.07,3.08,1.56
484,1,2.44,2.66,3.08,3.07,3.66
485,1,3.06,2.82,2.79,3.08,4.07
486,0,3.41,3.46,3.59,3.08,2.55
487,1,2.68,3.15,2.09,3.08,2.99
488,0,1.54,2.01,3.08,3.07,3.52
489,1,1.45,2.63,3.42,3.08,2.66
490,1,2.68,4.73,3.75,3.08,2.28
491,1,2.68,3.62,2.01,3.08,3.52
492,1,2.68,3.72,3.75,3.08,3.69
493,1,2.44,2.78,2.79,3.08,4.72
494,1,1.48,3.84,2.67,2.11,3.08
495,1,2.85,4.81,1.71,3.08,1.93
496,1,2.62,3.03,2.44,2.05,3.36
497,0,2.44,3.03,3.46,3.41,3.36
498,0,2.44,3.03,3.36,1.88,1.94
499,0,2.44,3.03,2.12,2.93,2.02
500,1,2.44,3.03,2.12,2.99,4.24
501,1,2.44,3.77,3.29,2.47,3.66
502,1,2.44,2.14,2.36,2.62,3.66
503,1,2.44,2.66,3.08,3.07,3.66
504,1,2.44,3.62,2.67,1.76,3.14
505,0,2.44,2.62,3.59,2.24,1.81
506,1,2.44,4.55,2.37,2.11,2.02
507,0,1.65,3.63,3.59,2.44,2.53
508,1,2.44,2.95,2.27,2.99,3.30
509,0,2.68,2.75,3.59,2.44,1.88
510,0,2.44,3.19,2.79,1.88,2.75
511,0,1.54,2.54,2.40,2.44,2.94
512,1,2.15,2.69,2.44,3.61,2.46
513,1,2.44,2.78,2.79,3.08,4.72
514,1,2.44,2.78,3.63,2.92,2.42
515,1,2.44,3.02,2.01,3.08,3.52
516,1,2.29,3.11,3.46,2.02,2.33
517,1,2.99,3.63,3.46,3.66,2.33
518,1,2.52,5.03,3.46,2.33,4.15
519,0,2.90,2.71,3.46,1.76,2.33
520,1,2.93,3.02,3.46,2.31,2.33
521,1,3.66,3.63,3.46,1.55,2.33
522,0,2.33,3.30,3.02,2.49,2.66
523,1,1.90,1.63,2.79,2.49,2.33
524,1,1.59,3.69,2.26,2.49,2.33
525,1,1.10,2.71,3.64,2.49,2.33
526,0,2.67,2.81,2.17,2.47,2.33
527,0,1.65,3.72,2.65,3.15,2.33
528,0,2.41,3.72,2.01,2.55,2.33
529,0,2.33,2.82,3.46,2.17,2.42
530,0,2.33,2.82,3.46,2.17,3.54
531,0,2.75,2.62,2.65,3.46,2.33
532,1,2.20,2.15,3.46,2.69,2.33
533,0,2.87,2.82,3.46,3.08,2.33
534,1,1.54,2.05,3.46,3.11,2.33
535,0,2.33,2.19,3.46,2.42,3.03
536,1,1.94,2.69,3.34,1.87,3.69
537,1,3.38,4.60,3.34,2.64,2.99
538,0,2.20,3.63,3.34,1.87,1.94
539,0,3.34,2.67,2.81,1.81,3.38
540,1,2.45,3.25,3.34,2.06,2.42
541,1,3.34,3.25,2.58,2.68,2.51
542,1,3.41,5.03,3.46,3.34,4.15
543,1,2.23,3.19,3.34,2.42,1.53
544,1,1.58,4.73,3.34,3.62,1.96
545,0,1.60,2.69,3.34,2.11,3.11
546,0,2.69,2.62,3.34,2.65,3.14
547,0,2.44,2.69,3.34,2.11,3.14
548,0,1.60,2.69,3.34,2.69,2.76
549,1,3.47,2.69,3.34,2.65,2.99
550,1,2.76,2.78,3.34,2.59,3.24
551,1,2.95,3.83,3.34,2.40,2.97
552,1,2.68,2.81,3.34,2.89,3.02
553,0,1.60,2.69,3.34,2.18,2.79
554,1,3.41,3.34,3.46,3.36,3.57
555,0,3.43,2.21,3.34,2.22,3.82
556,0,2.37,2.05,2.63,2.52,2.17
557,1,2.32,2.48,2.63,2.52,2.17
558,0,2.16,2.54,2.65,2.52,2.17
559,1,1.59,2.54,2.67,2.52,2.17
560,0,2.41,3.69,2.52,2.17,2.89
561,0,1.59,2.05,2.67,2.52,2.51
562,0,2.90,2.71,2.65,2.52,2.51
563,0,2.90,2.71,3.09,2.52,2.51
564,0,2.17,3.62,2.01,3.08,2.52
565,1,2.29,2.62,1.55,2.52,2.17
566,1,1.55,2.62,2.29,2.52,2.17
567,1,1.37,2.54,3.38,2.52,3.57
568,1,1.86,3.17,2.39,2.52,3.66
569,0,3.69,2.08,2.05,2.52,2.17
570,1,2.20,3.02,3.33,2.52,2.17
571,1,2.20,2.75,3.33,2.52,2.17
572,0,2.17,3.02,2.52,2.18,2.79
573,1,1.10,4.05,1.68,2.52,2.51
574,1,3.36,4.73,3.34,2.52,3.52
575,0,2.23,3.19,2.52,2.17,2.95
576,1,2.90,2.13,3.07,2.91,2.92
577,1,2.90,2.28,3.07,2.31,3.72
578,1,2.44,3.11,2.90,3.08,3.02
579,0,2.65,2.71,2.90,2.76,2.46
580,1,2.90,2.71,2.43,2.76,2.46
581,1,2.90,2.71,2.65,3.10,4.36
582,0,2.90,2.71,3.46,1.76,2.33
583,0,2.90,2.71,3.11,3.42,2.63
584,0,2.90,2.71,2.65,2.52,2.51
585,0,2.90,2.71,3.09,2.52,2.51
586,1,2.90,2.71,2.59,2.93,2.27
587,1,3.11,2.71,2.90,3.36,2.93
588,1,2.86,2.71,2.90,2.82,2.02
589,1,2.90,4.55,3.29,2.43,2.99
590,0,2.90,3.11,1.81,3.09,2.99
591,0,2.90,3.72,1.81,3.49,3.74
592,1,2.90,2.35,1.81,2.18,2.79
593,1,2.90,3.03,1.81,2.18,2.79
594,1,2.90,2.09,1.81,3.36,3.27
595,1,2.52,3.17,2.51,2.49,4.00
596,0,1.54,3.44,2.41,1.81,2.51
597,1,3.34,3.25,2.58,2.68,2.51
598,1,2.78,2.75,3.08,3.59,2.51
599,0,3.18,2.69,2.79,3.78,2.51
600,1,2.09,2.69,2.51,2.91,3.36
601,1,3.34,4.94,2.24,2.35,2.51
602,0,3.84,2.70,3.25,2.76,2.51
603,0,1.60,2.05,2.15,3.61,2.51
604,0,2.51,2.05,3.36,2.58,2.02
605,1,2.32,3.11,3.37,2.58,2.51
606,0,1.59,2.05,2.67,2.52,2.51
607,0,2.90,2.71,2.65,2.52,2.51
608,0,2.90,2.71,3.09,2.52,2.51
609,0,1.37,2.09,2.81,2.99,2.51
610,0,2.52,2.62,2.81,2.64,2.51
611,0,1.65,2.51,3.34,3.08,2.95
612,1,1.10,4.05,1.68,2.52,2.51
613,0,3.18,2.69,2.27,3.78,2.51
614,0,1.65,2.63,2.99,2.99,2.51
615,0,2.20,3.63,2.77,2.49,4.00
616,0,2.20,3.63,3.34,1.87,1.94
617,1,2.20,3.63,2.55,3.03,2.98
618,1,2.20,3.63,2.77,2.93,3.54
619,1,2.80,3.63,2.44,2.11,3.14
620,0,1.53,3.63,2.23,2.42,2.53
621,1,1.53,3.63,3.37,2.42,2.53
622,0,2.23,3.63,1.65,2.43,2.53
623,0,1.65,2.43,2.23,3.63,2.53
624,0,1.65,3.63,3.59,2.44,2.53
625,0,2.68,3.63,3.59,1.82,2.53
626,1,2.68,3.63,2.81,3.00,2.53
627,1,2.44,2.78,3.63,2.92,2.42
628,0,3.34,3.72,3.63,3.03,2.42
629,1,1.53,3.63,2.37,3.08,1.91
630,1,2.99,3.63,3.46,3.66,2.33
631,1,1.60,3.63,3.59,1.76,2.42
632,0,2.44,2.28,3.63,2.11,3.66
633,1,2.76,3.63,1.65,2.69,3.66
634,1,3.66,3.63,3.46,1.55,2.33
635,0,1.82,2.54,3.42,2.02,3.06
636,1,2.07,2.54,3.42,2.92,3.03
637,0,2.28,2.54,3.42,2.62,3.10
638,0,2.32,2.54,3.42,2.39,2.43
639,1,3.41,2.54,3.46,2.93,2.66
640,1,2.74,2.54,3.59,2.47,2.59
641,0,2.59,2.54,2.27,1.71,2.74
642,0,1.32,2.54,3.46,2.57,3.89
643,0,1.54,2.54,2.40,2.44,2.94
644,0,2.88,2.54,1.71,2.57,2.94
645,0,2.16,2.54,2.65,2.52,2.17
646,1,1.59,2.54,2.67,2.52,2.17
647,0,2.44,2.54,3.22,1.65,2.99
648,1,2.44,2.54,2.65,2.44,3.66
649,1,2.01,2.54,2.12,2.91,2.89
650,1,1.37,2.54,3.38,2.52,3.57
651,1,2.27,2.54,2.81,2.99,3.30
652,0,1.53,2.54,2.77,2.89,4.24
653,1,1.59,2.54,3.82,1.71,3.72
654,1,2.02,2.54,2.70,3.82,2.46
655,1,2.67,2.86,2.23,2.84,4.24
656,1,2.59,2.93,2.81,2.84,4.24
657,1,2.52,2.63,3.42,2.84,4.24
658,1,1.65,2.93,2.40,4.24,2.84
659,0,1.63,3.02,3.59,2.84,3.30
660,0,1.63,2.42,2.72,2.84,3.30
661,0,1.63,3.14,3.42,2.84,3.30
662,1,1.85,3.14,3.75,2.84,3.30
663,0,2.30,3.02,1.72,2.84,3.30
664,0,2.99,2.62,1.81,3.30,2.84
665,1,3.82,2.49,3.07,2.84,3.30
666,0,2.76,2.63,3.33,2.84,1.94
667,0,1.10,2.78,2.47,2.84,3.94
668,0,2.17,3.63,2.52,2.84,2.95
669,0,2.07,3.17,2.03,2.84,3.89
670,1,2.30,2.25,3.63,2.84,2.62
671,0,2.17,5.62,2.55,2.84,2.30
672,0,2.81,3.03,2.03,2.84,2.02
673,0,1.85,2.75,3.45,2.84,2.59
674,0,1.60,3.19,2.55,2.84,3.69
675,1,2.62,2.14,2.77,3.36,3.43
676,0,2.14,2.47,3.49,2.27,2.88
677,0,2.85,2.14,2.04,2.80,4.03
678,0,2.14,2.81,3.18,3.15,4.14
679,0,2.76,2.14,3.18,3.10,3.48
680,0,2.07,2.14,3.03,2.62,3.48
681,0,1.84,2.14,3.29,2.92,3.48
682,1,2.08,2.14,2.85,2.35,2.97
683,0,2.14,2.28,4.46,2.29,3.69
684,0,2.29,2.14,2.92,2.65,3.69
685,1,1.54,2.14,2.92,2.67,2.17
686,1,1.54,3.29,2.88,2.14,2.59
687,0,1.54,2.14,2.47,2.67,2.86
688,1,2.44,2.14,2.36,2.62,3.66
689,1,2.34,2.14,2.36,2.72,4.33
690,1,2.78,2.14,3.58,1.81,2.55
691,0,3.43,2.14,3.64,1.62,2.82
692,0,1.48,2.14,3.02,3.78,3.18
693,1,2.37,2.14,3.02,2.70,1.91
694,0,1.32,2.99,2.14,3.19,2.46
695,0,2.02,2.28,3.07,3.88,2.75
696,0,2.49,2.28,2.09,3.88,4.00
697,1,1.71,2.28,2.17,3.15,4.14
698,0,1.59,2.28,2.17,2.44,3.69
699,1,2.78,2.28,2.30,3.49,3.53
700,0,1.63,2.28,2.01,1.88,3.52
701,0,2.07,2.28,3.03,1.87,1.94
702,1,3.38,2.28,1.87,1.88,3.54
703,0,2.81,2.28,2.55,2.17,2.61
704,0,2.14,2.28,4.46,2.29,3.69
705,0,2.20,2.28,2.55,1.88,3.54
706,0,2.20,2.28,2.55,2.93,2.66
707,1,2.17,2.28,3.59,2.56,3.15
708,1,3.11,2.28,2.77,2.67,3.78
709,0,2.28,2.71,3.59,2.62,2.28
710,1,2.67,2.28,3.37,3.00,2.02
711,0,1.65,2.28,3.07,1.97,3.70
712,0,2.27,2.28,2.12,1.87,2.45
713,1,2.68,4.73,3.75,3.08,2.28
714,0,1.65,2.28,2.12,2.39,1.93
715,1,3.11,2.85,3.42,2.18,2.79
716,1,2.36,2.62,2.48,2.18,2.79
717,0,1.60,2.69,3.34,2.18,2.79
718,1,2.90,2.35,1.81,2.18,2.79
719,1,2.90,3.03,1.81,2.18,2.79
720,0,2.23,3.19,3.34,2.18,2.79
721,0,2.17,3.02,2.52,2.18,2.79
722,1,2.67,2.69,2.27,2.18,2.79
723,0,2.68,3.11,2.00,2.18,2.79
724,1,2.82,3.95,2.30,2.18,3.72
725,1,2.58,2.78,2.30,2.18,2.51
726,0,3.58,3.83,2.90,2.18,2.79
727,0,2.20,2.78,2.13,2.18,2.79
728,1,3.66,3.75,2.47,2.18,2.79
729,0,1.54,2.05,2.47,2.18,2.79
730,1,2.22,2.05,1.71,2.18,2.79
731,0,2.03,3.11,2.13,2.18,2.79
732,0,1.92,3.91,2.71,2.18,2.58
733,0,1.85,3.83,2.57,2.18,1.92
734,1,2.04,3.35,2.02,1.92,2.18
735,1,2.52,3.17,2.67,2.49,4.00
736,1,2.52,2.75,3.07,3.36,1.94
737,1,2.67,2.52,3.47,2.35,3.14
738,1,2.68,2.52,4.46,2.43,1.94
739,0,2.52,2.30,3.75,2.69,2.05
740,1,2.52,2.05,3.75,3.03,2.98
741,0,2.52,2.82,3.07,2.12,2.02
742,1,2.52,3.77,3.29,2.42,3.14
743,0,2.52,3.29,3.59,1.71,3.14
744,1,2.52,3.22,2.23,2.27,2.59
745,1,2.52,5.03,3.46,2.33,4.15
746,1,2.52,2.48,3.06,3.08,2.32
747,1,2.52,2.63,3.42,2.84,4.24
748,0,1.54,2.05,2.67,2.64,2.52
749,1,2.52,3.69,2.81,2.64,1.91
750,0,2.52,2.05,2.05,1.88,2.83
751,1,2.01,4.73,2.52,3.88,3.52
752,0,2.52,3.11,1.95,3.15,3.27
753,1,2.16,3.35,1.76,2.91,2.52
754,0,2.52,3.20,1.71,2.64,3.27
755,0,2.02,2.28,3.07,3.88,2.75
756,1,2.75,2.33,2.20,2.23,3.22
757,1,1.59,1.79,2.75,2.53,3.03
758,0,2.75,3.83,2.32,1.87,2.90
759,1,2.53,3.83,3.00,2.75,3.03
760,0,2.75,3.78,2.99,3.83,3.82
761,1,2.75,3.83,3.29,1.97,3.70
762,1,2.75,3.83,2.26,1.89,2.52
763,0,2.75,3.83,2.22,2.57,2.78
764,0,2.75,3.83,2.86,2.23,3.33
765,0,2.64,2.85,2.75,1.81,3.20
766,1,2.60,2.75,2.93,3.23,3.77
767,0,1.82,2.75,2.60,3.23,2.93
768,1,2.10,2.75,2.60,3.12,3.56
769,0,2.75,3.10,2.60,2.56,2.21
770,0,2.75,3.49,2.65,2.53,4.33
771,0,2.36,2.75,2.71,2.31,2.37
772,0,1.80,3.01,2.80,1.89,2.75
773,1,2.75,3.35,2.92,3.19,3.36
774,1,2.75,3.35,2.04,3.82,3.36
775,0,2.99,3.11,2.08,2.12,4.24
776,0,2.93,3.89,2.27,2.99,4.24
777,1,2.87,3.89,3.42,2.99,4.24
778,1,2.44,3.03,2.12,2.99,4.24
779,1,2.67,2.86,2.23,2.84,4.24
780,1,2.59,2.93,2.81,2.84,4.24
781,1,2.52,2.63,3.42,2.84,4.24
782,1,1.65,2.93,2.40,4.24,2.84
783,1,1.47,1.72,3.47,2.99,4.24
784,0,1.53,2.54,2.77,2.89,4.24
785,0,2.58,3.69,3.03,3.19,4.24
786,1,1.80,3.80,2.81,2.67,4.24
787,1,1.48,4.60,2.01,2.55,4.24
788,1,1.65,3.72,4.46,1.51,4.24
789,1,3.47,2.09,2.05,1.87,4.24
790,1,4.24,4.60,2.55,2.89,1.81
791,1,4.24,2.69,2.59,4.73,3.55
792,0,1.85,2.49,1.71,3.08,4.24
793,0,2.07,3.83,1.68,2.62,4.24
794,1,2.07,3.51,3.48,3.36,4.24
795,1,2.43,2.62,2.36,2.44,2.99
796,0,1.59,2.28,2.17,2.44,3.69
797,1,2.31,2.05,3.34,2.44,2.46
798,0,1.50,2.76,3.04,2.44,2.63
799,1,2.44,2.54,2.65,2.44,3.66
800,1,2.13,2.83,2.92,2.44,3.82
801,1,2.64,3.11,2.77,2.44,2.28
802,1,2.44,2.15,2.92,3.66,3.02
803,1,1.99,2.61,2.56,2.44,3.48
804,0,4.15,2.30,3.29,2.44,4.39
805,0,2.77,3.32,2.44,2.44,2.04
806,1,2.27,2.54,2.48,2.44,2.32
807,1,3.34,2.44,4.42,2.91,3.36
808,0,2.32,2.83,4.42,2.44,2.97
809,0,1.54,3.00,2.03,2.44,3.60
810,1,2.26,3.46,2.69,2.44,3.60
811,0,2.04,2.78,3.47,2.44,3.60
812,0,2.01,3.04,2.74,2.44,3.69
813,1,2.51,2.15,2.44,3.02,2.61
814,1,2.80,2.85,4.42,2.44,3.60
815,0,2.91,2.05,1.88,1.87,2.46
816,1,2.31,2.05,3.34,2.44,2.46
817,1,3.34,3.72,3.11,2.55,2.46
818,0,1.80,2.99,1.68,1.81,2.46
819,0,2.59,2.75,2.72,1.96,2.46
820,1,2.76,3.51,2.61,3.15,2.46
821,0,2.29,4.94,2.16,2.58,2.46
822,0,2.20,2.75,2.12,2.47,2.46
823,0,2.82,2.49,2.31,2.76,2.46
824,0,3.77,4.55,2.13,3.29,2.46
825,0,1.32,2.99,2.14,3.19,2.46
826,0,1.85,3.48,1.47,3.19,2.46
827,1,2.99,2.63,3.42,3.19,2.46
828,1,2.21,3.81,3.29,2.80,2.46
829,1,1.60,2.75,2.12,1.88,2.46
830,1,2.15,2.69,2.44,3.61,2.46
831,0,1.48,2.63,1.72,2.76,2.46
832,0,1.79,2.69,1.78,2.76,2.46
833,0,2.32,2.78,3.02,2.76,2.46
834,0,2.88,3.11,1.79,2.76,2.46
835,0,1.55,3.15,2.09,2.81,2.42
836,1,1.55,3.47,2.79,3.15,2.97
837,0,1.55,3.19,3.42,2.67,2.02
838,1,1.55,2.82,2.79,1.91,2.66
839,1,1.55,3.02,1.71,1.62,3.05
840,1,1.55,3.11,3.42,2.69,2.02
841,0,1.55,3.08,1.53,3.78,3.18
842,1,3.66,3.63,3.46,1.55,2.33
843,0,1.55,3.40,1.29,2.57,2.16
844,1,1.55,2.43,2.23,2.12,2.02
845,0,1.55,2.69,3.64,2.30,2.02
846,1,2.29,2.62,1.55,2.52,2.17
847,1,1.55,2.62,2.29,2.52,2.17
848,1,1.55,4.55,2.22,3.78,3.18
849,1,1.55,2.61,3.59,3.78,3.18
850,0,1.55,3.83,2.21,2.23,1.89
851,1,1.55,3.83,2.97,1.89,3.70
852,1,1.55,2.89,1.79,1.89,3.52
853,0,1.55,3.29,2.24,1.89,2.02
854,1,1.55,2.89,2.16,1.89,3.02
855,1,3.11,2.85,3.42,2.18,2.79
856,1,2.36,2.62,2.48,2.18,2.79
857,0,1.60,2.69,3.34,2.18,2.79
858,1,2.90,2.35,1.81,2.18,2.79
859,1,2.90,3.03,1.81,2.18,2.79
860,0,2.23,3.19,3.34,2.18,2.79
861,0,2.17,3.02,2.52,2.18,2.79
862,1,2.67,2.69,2.27,2.18,2.79
863,0,2.68,3.11,2.00,2.18,2.79
864,1,2.68,3.11,2.99,2.69,2.79
865,1,3.69,3.17,1.71,2.62,2.79
866,1,1.63,3.47,2.68,2.79,3.99
867,0,3.58,3.83,2.90,2.18,2.79
868,0,2.20,2.78,2.13,2.18,2.79
869,1,2.20,2.05,2.35,2.79,3.30
870,1,3.66,3.75,2.47,2.18,2.79
871,0,1.54,2.05,2.47,2.18,2.79
872,1,2.22,2.05,1.71,2.18,2.79
873,0,2.03,3.11,2.13,2.18,2.79
874,1,1.63,2.78,3.59,3.12,2.79
875,0,2.99,3.11,2.08,2.12,4.24
876,0,2.62,2.68,1.94,3.30,2.99
877,0,1.65,3.07,2.81,2.99,3.30
878,0,2.93,3.89,2.27,2.99,4.24
879,1,2.87,3.89,3.42,2.99,4.24
880,1,2.44,3.03,2.12,2.99,4.24
881,1,3.30,4.55,2.37,2.99,2.02
882,1,2.44,2.95,2.27,2.99,3.30
883,0,2.95,3.14,2.27,2.99,3.30
884,1,1.47,1.72,3.47,2.99,4.24
885,0,2.21,2.09,1.80,2.99,3.30
886,0,3.41,1.60,3.46,2.99,3.30
887,1,2.30,2.28,2.65,2.99,3.30
888,1,2.16,3.92,3.07,2.99,3.30
889,0,2.30,2.11,2.93,2.99,3.30
890,1,2.27,2.54,2.81,2.99,3.30
891,1,2.42,2.02,3.34,2.99,3.30
892,0,2.42,3.51,2.55,2.99,3.30
893,1,1.53,2.46,2.09,2.99,3.30
894,1,2.67,2.69,3.47,2.99,3.30
895,1,2.85,2.99,2.78,1.81,2.17
896,1,2.07,3.58,3.03,3.36,2.17
897,0,2.41,2.09,2.17,1.96,2.71
898,0,2.28,2.05,2.17,3.42,3.34
899,1,2.95,3.58,2.17,4.20,3.38
900,0,2.81,2.28,2.55,2.17,2.61
901,0,2.81,3.20,3.71,2.17,2.43
902,1,2.99,1.79,1.94,2.17,4.05
903,0,1.59,3.25,2.99,2.17,1.85
904,1,1.72,3.00,2.99,2.17,1.85
905,0,2.37,2.05,2.63,2.52,2.17
906,1,2.32,2.48,2.63,2.52,2.17
907,0,2.16,2.54,2.65,2.52,2.17
908,1,1.59,2.54,2.67,2.52,2.17
909,0,2.41,3.69,2.52,2.17,2.89
910,0,1.54,3.20,2.44,2.31,2.17
911,0,1.77,3.20,1.47,2.69,2.17
912,1,1.48,3.20,3.06,2.91,2.17
913,0,2.17,3.62,2.01,3.08,2.52
914,0,2.32,3.11,3.16,2.57,3.29
915,1,2.85,2.75,2.36,2.69,3.11
916,0,1.80,3.11,1.63,2.69,1.87
917,0,2.85,3.11,2.17,2.69,3.69
918,0,3.34,3.11,2.38,2.70,2.23
919,0,2.99,3.11,2.08,2.12,4.24
920,1,3.34,3.72,3.11,2.55,2.46
921,0,2.45,3.11,2.63,2.08,3.36
922,1,2.78,3.11,1.63,2.49,4.00
923,0,1.65,3.11,3.07,2.49,4.00
924,1,1.48,3.11,3.59,3.82,3.41
925,0,1.48,3.11,2.68,3.43,2.66
926,1,2.87,3.11,2.37,2.91,2.42
927,1,2.05,3.11,2.88,4.20,4.15
928,1,3.34,3.11,2.92,2.67,3.03
929,1,2.32,3.11,2.15,3.61,3.34
930,1,2.74,3.11,1.81,2.92,3.27
931,1,2.25,3.11,2.63,2.80,3.36
932,1,1.85,3.11,2.22,2.29,2.83
933,1,1.85,3.11,1.80,1.87,2.45
934,1,2.05,3.11,2.88,4.20,4.15
935,0,2.67,3.78,2.35,4.20,4.15
936,1,1.56,3.29,2.17,4.20,4.15
937,0,4.14,3.43,2.85,4.20,4.15
938,1,2.22,2.83,2.01,2.70,4.15
939,1,3.34,2.62,2.36,4.15,2.37
940,0,4.15,2.76,3.46,2.27,3.57
941,0,1.54,2.05,1.60,3.61,4.15
942,0,2.07,2.09,2.22,3.61,4.15
943,1,1.80,2.75,4.20,3.59,4.15
944,1,2.28,3.11,2.31,4.20,4.15
945,1,2.42,2.63,3.37,4.20,4.15
946,1,2.05,2.54,2.38,3.61,4.15
947,1,1.80,4.05,1.68,4.20,4.15
948,1,3.42,2.99,1.10,4.20,4.15
949,1,2.78,3.74,4.20,2.07,4.15
950,1,2.44,3.29,2.00,3.61,4.15
951,0,4.15,1.39,1.69,3.70,2.59
952,1,2.64,2.14,2.49,1.39,4.15
953,0,2.53,2.54,1.39,2.58,4.15
954,1,2.44,3.77,3.29,2.47,3.66
955,1,2.44,2.14,2.36,2.62,3.66
956,1,2.44,2.66,3.08,3.07,3.66
957,1,1.63,2.78,2.40,2.37,3.66
958,0,2.64,2.04,4.13,2.60,3.66
959,0,2.00,3.72,2.40,3.09,3.66
960,1,2.13,3.72,2.00,1.71,3.66
961,1,2.99,3.63,3.46,3.66,2.33
962,0,2.44,2.28,3.63,2.11,3.66
963,1,2.76,3.63,1.65,2.69,3.66
964,1,3.66,3.63,3.46,1.55,2.33
965,1,2.44,2.54,2.65,2.44,3.66
966,0,3.37,2.05,1.53,2.22,3.66
967,1,2.44,3.66,2.27,1.88,1.94
968,1,2.44,3.63,2.27,2.11,3.66
969,1,2.44,2.82,3.82,2.99,3.66
970,0,2.44,3.63,2.99,2.11,3.66
971,1,2.44,4.31,1.79,3.08,3.66
972,1,2.44,2.28,3.07,3.08,3.66
973,1,2.44,3.95,1.72,2.89,3.66
974,0,2.16,2.78,3.64,1.81,3.04
975,0,1.56,2.99,2.40,1.81,3.02
976,1,2.85,2.99,2.78,1.81,2.17
977,0,1.80,2.99,1.68,1.81,2.46
978,0,1.81,2.30,1.32,2.99,3.53
979,1,2.99,2.96,3.01,1.81,2.35
980,0,3.34,2.67,2.81,1.81,3.38
981,0,1.54,2.05,1.81,2.01,3.52
982,1,3.66,2.09,5.62,1.81,2.59
983,1,2.78,2.14,3.58,1.81,2.55
984,0,3.12,3.87,2.06,1.81,3.27
985,1,1.81,3.15,2.09,2.80,3.36
986,0,1.82,2.82,2.79,1.81,3.27
987,1,2.74,3.11,1.81,2.92,3.27
988,0,2.13,2.61,2.02,1.81,2.74
989,0,2.39,3.58,2.29,1.81,3.27
990,1,2.88,3.45,3.38,1.81,2.67
991,1,2.40,2.62,3.38,1.81,4.15
992,1,1.54,3.47,2.29,2.93,3.29
993,1,2.27,4.73,2.29,3.08,3.52
994,0,2.08,4.00,2.29,3.10,4.36
995,0,2.13,4.73,2.29,3.36,3.52
996,1,2.13,3.51,2.29,4.15,5.03
997,0,2.59,3.63,2.29,2.11,2.02
998,1,2.29,2.62,1.55,2.52,2.17
999,1,1.55,2.62,2.29,2.52,2.17
1000,0,2.81,4.17,2.29,2.99,2.42
1001,1,1.86,3.63,2.29,3.66,3.43
1002,1,1.54,3.95,2.29,2.91,2.46
1003,0,2.59,2.68,2.29,3.17,2.39
1004,0,2.55,3.51,2.29,2.52,2.83
1005,1,2.23,3.19,2.29,2.64,1.81
1006,1,1.71,3.78,2.29,1.88,1.94
1007,1,3.69,3.14,2.29,2.11,1.91
1008,1,2.80,2.40,2.29,2.42,3.03
1009,1,2.29,2.72,3.69,2.40,3.27
1010,1,1.78,2.89,2.29,3.15,3.02
1011,0,1.47,2.35,2.29,2.72,2.45
1012,1,2.78,2.63,2.93,1.88,1.91
1013,0,2.22,2.71,2.35,3.69,2.63
1014,0,2.07,2.63,1.91,1.94,3.03
1015,1,1.32,2.63,2.31,3.42,2.09
1016,1,1.32,2.63,3.42,3.08,2.95
1017,1,2.99,2.63,3.42,3.19,2.46
1018,1,3.34,2.63,3.42,2.37,3.33
1019,1,1.45,2.63,3.42,3.08,2.66
1020,0,3.42,2.83,1.94,2.63,3.69
1021,1,2.67,2.63,3.42,2.92,3.15
1022,1,2.81,2.63,2.99,1.71,3.29
1023,0,1.48,2.63,1.72,2.76,2.46
1024,1,1.45,2.63,4.84,2.02,3.17
1025,1,2.16,2.63,2.80,2.08,2.82
1026,0,2.27,2.63,3.42,2.01,3.11
1027,0,2.90,2.71,3.11,3.42,2.63
1028,1,2.52,2.63,3.42,2.84,4.24
1029,1,1.59,2.63,3.42,2.25,1.65
1030,0,2.64,2.48,3.42,2.63,2.32
1031,0,2.01,2.63,2.23,3.37,3.16
1032,0,2.62,2.68,1.94,3.30,2.99
1033,0,1.65,3.07,2.81,2.99,3.30
1034,1,3.30,4.55,2.37,2.99,2.02
1035,1,2.44,2.95,2.27,2.99,3.30
1036,0,2.95,3.14,2.27,2.99,3.30
1037,0,2.21,2.09,1.80,2.99,3.30
1038,0,3.41,1.60,3.46,2.99,3.30
1039,1,2.30,2.28,2.65,2.99,3.30
1040,1,2.16,3.92,3.07,2.99,3.30
1041,0,2.30,2.11,2.93,2.99,3.30
1042,1,2.27,2.54,2.81,2.99,3.30
1043,0,1.63,2.09,1.29,2.79,3.30
1044,1,2.67,3.58,2.79,1.94,3.30
1045,1,1.85,3.07,3.75,2.79,3.30
1046,1,1.59,4.17,2.99,2.79,3.30
1047,0,2.68,3.38,2.79,2.47,3.30
1048,1,2.42,2.02,3.34,2.99,3.30
1049,0,2.42,3.51,2.55,2.99,3.30
1050,1,1.53,2.46,2.09,2.99,3.30
1051,1,2.67,2.69,3.47,2.99,3.30
1052,1,2.58,2.76,3.88,3.64,3.54
1053,0,2.76,3.02,2.47,2.52,2.83
1054,0,3.43,2.76,3.19,2.69,3.15
1055,0,2.74,3.23,1.68,2.76,2.41
1056,0,1.50,4.51,1.10,2.76,2.21
1057,1,3.25,2.76,1.50,3.15,3.27
1058,0,1.50,2.76,3.64,5.44,3.48
1059,1,3.53,2.76,3.42,3.19,2.89
1060,1,2.23,2.76,2.01,3.53,3.52
1061,1,2.57,2.76,2.40,2.67,7.29
1062,0,1.72,2.76,2.31,2.01,1.10
1063,1,2.23,2.76,1.10,2.37,2.65
1064,0,3.53,2.30,2.76,2.37,3.53
1065,0,4.15,2.76,3.46,2.27,3.57
1066,1,3.46,2.76,3.75,2.69,2.42
1067,1,3.46,3.47,2.01,2.76,2.66
1068,1,3.04,2.76,2.32,1.87,2.54
1069,0,2.08,2.76,2.24,2.27,2.22
1070,0,2.04,2.76,2.08,2.67,2.40
1071,1,2.08,2.76,2.74,2.49,2.97
1072,1,1.82,2.62,2.81,3.64,3.14
1073,0,1.55,2.69,3.64,2.30,2.02
1074,1,5.04,2.69,3.64,2.53,2.94
1075,0,2.75,3.11,3.64,2.37,2.46
1076,0,3.36,2.69,3.64,2.80,3.27
1077,1,2.69,3.19,3.64,3.15,2.95
1078,1,2.30,2.15,2.55,3.64,2.69
1079,1,2.76,2.99,3.64,2.43,2.99
1080,1,1.63,2.62,3.64,2.89,3.06
1081,0,2.17,2.78,3.42,1.78,3.64
1082,0,2.59,4.26,3.64,2.08,2.82
1083,1,2.81,3.64,2.27,3.11,4.19
1084,0,3.42,2.09,3.64,2.63,2.42
1085,1,2.09,2.09,2.63,3.64,3.27
1086,0,1.60,2.09,3.64,2.22,3.27
1087,1,1.48,2.69,3.64,2.40,4.00
1088,0,1.94,3.46,3.64,1.76,2.33
1089,0,3.64,2.25,2.27,2.99,3.27
1090,1,2.52,3.25,3.64,2.14,2.67
1091,1,2.56,2.25,3.64,2.99,4.07
1092,0,3.37,2.05,1.53,2.22,3.66
1093,1,1.65,3.17,3.77,2.22,2.46
1094,0,2.07,2.09,2.22,3.61,4.15
1095,0,2.88,2.78,3.63,2.22,3.06
1096,0,2.77,3.03,3.59,2.22,2.99
1097,1,2.81,2.89,2.99,2.22,3.57
1098,1,2.65,3.62,1.81,2.22,2.99
1099,0,3.43,2.21,3.34,2.22,3.82
1100,0,2.29,3.11,2.35,2.22,2.46
1101,0,1.60,2.09,3.64,2.22,3.27
1102,1,1.94,3.89,2.77,2.22,2.55
1103,0,2.30,2.25,2.59,2.22,2.61
1104,0,2.30,2.25,2.77,2.22,2.55
1105,0,2.30,2.25,2.99,2.22,1.91
1106,0,2.23,2.78,2.86,2.22,2.46
1107,0,2.30,2.25,2.76,2.22,3.94
1108,1,1.94,2.17,3.42,2.22,3.37
1109,1,2.30,2.25,2.22,1.97,3.70
1110,1,2.30,2.25,3.14,2.22,2.99
1111,1,3.11,2.85,3.42,2.18,2.79
1112,0,1.82,2.54,3.42,2.02,3.06
1113,1,2.07,2.54,3.42,2.92,3.03
1114,0,2.28,2.54,3.42,2.62,3.10
1115,0,2.32,2.54,3.42,2.39,2.43
1116,1,2.87,3.89,3.42,2.99,4.24
1117,1,2.85,4.81,3.42,3.47,3.14
1118,0,3.42,2.69,2.01,2.37,3.52
1119,1,2.85,2.71,2.01,3.42,3.52
1120,1,1.32,2.63,2.31,3.42,2.09
1121,1,1.32,2.63,3.42,3.08,2.95
1122,0,2.03,4.00,3.42,2.02,2.89
1123,1,2.99,2.63,3.42,3.54,2.46
1124,1,3.34,2.63,3.42,2.37,3.33
1125,1,1.45,2.63,3.42,3.08,2.66
1126,0,3.42,2.83,1.94,2.63,3.69
1127,1,2.67,2.63,3.42,2.92,3.15
1128,0,2.77,3.78,3.42,3.19,2.53
1129,1,3.53,2.76,3.42,3.19,2.89
1130,1,2.03,4.00,3.42,3.19,2.53
1131,0,1.54,2.05,2.62,2.64,3.27
1132,0,2.62,2.68,1.94,3.30,2.99
1133,1,2.62,3.03,2.44,2.08,3.36
1134,1,2.62,3.07,2.37,2.64,2.42
1135,1,2.68,2.43,2.62,2.64,2.89
1136,1,1.60,2.69,2.62,2.78,1.63
1137,0,4.15,2.62,1.65,2.81,5.03
1138,1,3.53,2.62,3.46,1.80,2.55
1139,1,1.65,2.62,2.81,3.78,3.18
1140,1,2.29,2.62,1.55,2.52,2.17
1141,1,1.55,2.62,2.29,2.52,2.17
1142,1,2.62,2.64,2.81,2.17,2.53
1143,0,2.62,4.55,3.42,2.64,2.99
1144,1,2.11,2.62,3.36,2.64,2.72
1145,0,2.52,2.62,2.81,2.64,2.67
1146,1,2.29,3.14,2.62,1.88,3.47
1147,1,2.77,2.62,2.64,3.42,3.14
1148,1,1.88,2.62,2.52,2.64,3.36
1149,1,3.13,2.95,2.62,2.64,2.42
1150,0,2.42,2.52,2.85,1.70,2.52
1151,0,1.59,2.42,1.72,2.37,2.93
1152,1,2.42,2.85,3.11,3.08,2.93
1153,0,2.42,3.58,2.39,2.20,2.93
1154,1,2.95,2.24,2.42,2.67,2.90
1155,0,2.42,3.91,2.83,2.67,2.95
1156,0,2.42,2.25,3.37,2.55,2.47
1157,1,2.42,2.63,3.37,4.20,4.15
1158,0,2.42,3.62,3.37,1.76,2.65
1159,0,2.42,3.84,3.37,2.67,3.52
1160,1,2.42,2.27,3.37,1.86,3.66
1161,1,2.42,2.85,1.79,1.89,3.47
1162,0,2.42,3.63,2.52,2.80,4.03
1163,0,2.42,2.76,2.43,3.37,3.67
1164,0,2.42,2.25,2.27,3.37,2.53
1165,0,2.25,2.43,2.42,3.37,2.53
1166,1,2.42,3.38,3.37,2.58,2.67
1167,0,1.63,2.42,2.52,3.40,4.72
1168,0,2.42,2.37,2.52,2.71,3.01
1169,1,2.42,2.65,2.52,3.01,3.57
1170,0,1.55,2.69,3.64,2.30,2.02
1171,1,2.30,2.28,2.65,2.99,3.30
1172,0,2.30,2.11,2.93,2.99,3.30
1173,0,2.30,2.89,2.68,2.93,3.02
1174,0,2.30,2.09,2.22,2.40,2.37
1175,0,2.32,2.84,2.30,2.40,2.52
1176,1,2.30,2.15,2.55,3.64,2.69
1177,1,2.23,2.43,2.30,2.58,1.94
1178,1,2.30,2.69,3.38,2.55,2.88
1179,1,2.30,3.80,2.44,3.01,2.53
1180,1,2.30,3.02,2.55,3.36,2.73
1181,0,1.63,2.81,2.30,2.39,2.09
1182,0,2.30,2.05,2.37,1.94,2.39
1183,0,2.30,3.03,2.67,2.47,3.30
1184,1,2.30,3.80,3.94,2.62,2.02
1185,1,2.30,2.43,3.59,2.81,2.42
1186,0,2.30,2.82,3.46,2.89,2.42
1187,1,2.37,3.84,2.30,2.82,3.99
1188,0,2.30,2.76,1.82,2.88,3.05
1189,0,2.30,2.25,3.22,2.82,2.99
1190,1,1.94,2.69,3.34,1.87,3.69
1191,1,3.11,2.69,5.04,2.55,3.51
1192,1,1.60,2.69,3.59,1.88,2.75
1193,1,1.60,2.69,2.62,2.78,1.63
1194,1,3.41,2.69,3.46,3.78,3.18
1195,0,3.18,2.69,2.79,3.78,2.51
1196,1,2.09,2.69,2.51,2.91,3.36
1197,0,1.60,2.69,3.34,2.11,3.11
1198,0,1.60,2.75,2.69,2.91,3.34
1199,0,2.69,2.62,3.34,2.65,3.14
1200,0,2.44,2.69,3.34,2.11,3.14
1201,0,1.60,2.69,3.34,2.69,2.76
1202,1,3.47,2.69,3.34,2.65,2.99
1203,0,1.60,2.69,2.93,2.12,2.02
1204,0,1.55,2.69,3.64,2.30,2.02
1205,1,5.04,2.69,3.64,2.53,2.94
1206,0,1.60,2.69,3.34,2.18,2.79
1207,0,2.42,3.83,2.69,2.37,2.93
1208,1,3.34,2.69,3.06,2.72,2.42
1209,1,2.29,2.69,3.29,2.46,2.42
1210,0,1.48,3.15,2.09,2.49,4.00
1211,1,2.92,3.15,2.09,2.53,2.02
1212,0,2.95,3.15,2.09,2.58,2.59
1213,0,2.09,3.15,2.08,2.35,2.97
1214,1,2.09,3.15,1.63,2.65,2.02
1215,0,1.55,3.15,2.09,2.81,2.42
1216,1,1.45,3.15,2.08,3.01,2.58
1217,1,1.85,3.15,2.09,2.37,3.27
1218,1,2.09,3.15,1.56,2.53,2.94
1219,1,1.81,3.15,2.09,2.80,3.36
1220,1,2.09,3.15,3.42,4.15,5.03
1221,1,2.68,3.15,2.09,3.08,2.99
1222,0,3.53,3.15,3.46,2.30,2.09
1223,1,1.47,3.15,2.09,2.49,3.05
1224,0,1.80,3.15,1.71,2.69,1.63
1225,1,1.45,3.15,2.09,2.02,2.70
1226,0,3.11,3.15,2.09,3.15,3.02
1227,0,2.16,3.15,2.09,1.65,3.41
1228,1,1.71,3.15,2.09,2.70,2.16
1229,0,1.48,2.28,2.01,3.15,2.09
1230,1,2.43,2.62,2.36,2.44,2.99
1231,1,3.38,4.60,3.34,2.64,2.99
1232,0,2.16,3.35,2.02,2.91,2.99
1233,1,3.11,2.75,3.59,2.43,2.99
1234,1,3.11,4.00,2.83,3.08,2.99
1235,1,2.17,2.40,3.38,2.72,2.99
1236,0,3.11,3.80,2.68,2.23,2.99
1237,0,1.37,2.47,2.49,2.40,2.99
1238,1,2.99,2.43,2.65,1.76,3.14
1239,0,2.77,3.78,3.02,3.10,2.99
1240,1,2.68,3.15,2.09,3.08,2.99
1241,0,1.59,2.43,2.23,3.10,2.99
1242,1,2.99,2.63,3.42,3.19,2.46
1243,1,1.56,3.64,3.22,2.92,2.99
1244,0,2.67,3.11,3.22,3.09,2.99
1245,1,3.22,3.64,1.56,1.88,2.99
1246,0,2.13,3.69,2.65,1.71,2.99
1247,1,2.99,3.63,3.46,3.66,2.33
1248,0,2.16,4.55,2.05,2.70,2.99
1249,1,2.99,5.03,2.43,2.69,4.15
1250,0,2.00,1.10,3.12,2.37,3.27
1251,1,2.77,3.78,2.38,2.37,2.66
1252,0,2.85,2.67,2.65,2.37,3.17
1253,1,1.85,3.15,2.09,2.37,3.27
1254,1,2.68,3.49,2.65,2.37,2.90
1255,1,2.59,2.66,2.37,1.96,3.43
1256,0,2.45,2.83,2.88,1.65,2.37
1257,0,1.37,2.04,2.37,3.36,3.06
1258,0,1.53,2.99,2.22,2.37,3.64
1259,0,2.32,3.81,1.32,2.37,3.03
1260,0,2.32,3.58,2.15,2.37,2.88
1261,0,2.09,2.04,2.02,2.37,3.12
1262,0,2.21,3.11,2.13,2.37,4.07
1263,1,2.13,3.49,2.92,2.37,2.54
1264,0,1.10,4.05,1.68,2.37,2.58
1265,0,2.02,3.01,1.79,2.37,3.01
1266,1,1.63,2.78,2.40,2.37,3.66
1267,1,2.16,3.02,2.40,2.37,1.88
1268,0,3.34,1.60,2.81,2.37,2.01
1269,1,2.32,3.72,2.00,2.37,2.90
1270,1,2.04,3.62,1.84,2.35,2.97
1271,0,2.04,3.78,2.77,3.15,3.02
1272,1,2.04,3.69,2.78,1.97,3.70
1273,1,2.99,3.78,2.04,3.56,3.34
1274,1,2.04,2.32,3.58,2.39,2.45
1275,1,2.28,3.45,2.04,1.87,3.45
1276,1,2.04,2.76,3.04,3.84,2.72
1277,1,2.04,3.45,3.01,2.93,3.45
1278,0,1.90,3.08,2.04,3.78,2.52
1279,1,2.91,1.79,2.04,3.36,2.52
1280,0,2.04,2.15,2.00,3.15,2.52
1281,0,2.04,3.99,1.75,1.45,2.98
1282,0,2.30,2.04,2.59,2.67,2.97
1283,0,2.88,3.45,3.38,2.77,2.04
1284,0,2.04,2.40,3.86,3.42,3.03
1285,0,2.04,2.75,2.05,3.15,2.53
1286,1,2.59,2.82,3.15,1.96,2.04
1287,1,2.04,3.89,3.59,2.92,3.05
1288,1,2.04,2.83,3.41,2.76,4.74
1289,1,2.04,2.78,3.92,2.40,4.36
1290,1,2.67,2.75,3.02,1.88,3.37
1291,1,1.53,3.63,3.37,2.42,2.53
1292,1,2.27,3.69,3.37,2.05,1.91
1293,0,1.85,3.19,3.37,2.40,3.42
1294,1,2.67,2.28,3.37,3.00,2.02
1295,1,1.54,5.03,3.46,3.37,4.15
1296,1,2.32,3.11,3.37,2.58,2.67
1297,1,2.32,3.11,3.37,2.91,2.42
1298,1,1.94,2.59,3.37,2.11,2.02
1299,1,3.53,3.51,3.37,2.91,2.61
1300,0,3.37,2.05,1.53,2.22,3.66
1301,0,2.20,2.85,3.37,2.99,2.75
1302,1,2.29,4.05,1.69,3.37,3.16
1303,0,2.01,2.63,2.23,3.37,3.16
1304,0,2.11,3.37,2.01,2.93,2.66
1305,0,2.01,4.17,3.37,2.11,3.09
1306,0,2.42,2.25,3.37,2.55,2.47
1307,1,2.42,2.63,3.37,4.20,4.15
1308,0,2.42,3.62,3.37,1.76,2.65
1309,0,2.42,3.84,3.37,2.67,3.52
1310,0,2.59,4.55,2.22,2.14,3.70
1311,1,2.28,2.69,2.93,2.14,3.70
1312,1,2.01,2.28,2.65,2.14,3.70
1313,0,1.10,2.05,1.72,2.14,2.39
1314,0,3.56,3.17,3.88,2.14,3.70
1315,0,1.80,2.05,2.72,2.14,3.70
1316,1,1.10,2.15,3.06,2.14,3.70
1317,0,1.35,3.00,3.46,2.14,3.70
1318,1,2.27,2.78,3.08,2.14,3.84
1319,1,2.78,1.63,2.23,2.14,3.84
1320,0,2.91,2.06,3.58,2.14,3.84
1321,1,2.23,3.19,2.63,2.14,3.84
1322,0,3.53,2.49,4.18,2.14,3.84
1323,1,3.59,5.62,3.59,2.14,3.84
1324,0,2.27,2.91,1.28,2.14,3.84
1325,0,2.63,2.23,2.79,2.14,3.84
1326,1,2.78,3.02,2.77,2.14,3.84
1327,0,2.52,3.37,2.04,2.14,3.84
1328,1,2.20,2.34,3.58,2.14,3.84
1329,0,2.31,3.59,3.75,2.14,3.84
1330,1,2.09,2.95,3.47,3.36,3.41
1331,0,2.09,2.95,3.47,3.36,3.41
1332,1,2.09,2.95,3.47,2.43,3.41
1333,0,2.59,2.95,3.47,2.09,3.41
1334,1,1.48,2.95,3.59,3.08,3.41
1335,1,2.32,2.95,2.23,2.62,3.72
1336,0,2.67,2.05,2.21,2.62,2.95
1337,1,2.44,2.95,2.27,2.99,3.30
1338,0,2.95,3.14,2.27,2.99,3.30
1339,0,3.03,2.95,2.31,2.11,2.99
1340,1,3.56,2.95,2.65,2.31,1.91
1341,1,2.44,2.95,2.77,3.41,3.00
1342,0,1.59,2.95,2.77,2.67,3.47
1343,1,3.13,2.95,2.62,2.64,2.42
1344,0,2.45,2.95,1.69,2.27,2.52
1345,0,2.52,2.95,2.53,2.17,3.41
1346,0,1.56,2.95,2.12,2.88,3.41
1347,1,1.37,2.95,2.93,3.41,2.89
1348,0,1.60,2.95,4.46,3.66,2.79
1349,1,1.88,2.95,2.37,2.64,2.62
1350,0,2.81,3.78,3.53,3.46,3.29
1351,0,2.75,3.78,2.99,3.83,3.82
1352,1,2.99,3.78,2.04,3.56,3.34
1353,1,2.28,3.78,1.68,2.67,3.82
1354,0,1.90,3.78,1.94,1.71,3.16
1355,0,1.90,3.08,2.04,3.78,2.52
1356,0,2.67,3.78,2.35,4.20,4.15
1357,1,3.11,2.28,2.77,2.67,3.78
1358,1,2.53,3.78,3.12,3.54,3.46
1359,0,1.10,3.78,2.99,1.71,4.03
1360,1,2.23,3.78,2.99,1.71,4.03
1361,0,2.32,3.78,2.99,1.71,4.03
1362,1,1.86,3.78,3.29,2.37,4.03
1363,0,3.56,2.30,2.47,3.78,3.53
1364,1,1.60,3.78,2.23,2.75,2.02
1365,1,1.65,3.78,2.23,2.76,2.46
1366,0,3.08,3.78,2.23,2.76,3.05
1367,1,2.91,2.62,3.78,2.91,3.14
1368,1,1.80,3.78,2.24,2.91,2.66
1369,1,2.68,3.78,2.93,2.91,3.02
1370,0,2.76,2.14,3.18,3.10,3.48
1371,0,2.21,2.81,1.95,3.10,2.90
1372,0,2.16,3.51,2.55,3.10,3.69
1373,0,2.28,2.54,3.42,2.62,3.10
1374,1,2.22,3.66,2.23,3.10,2.86
1375,1,2.29,2.99,3.11,3.10,3.29
1376,0,2.77,3.78,3.02,3.10,2.99
1377,1,1.60,3.62,2.67,3.10,2.66
1378,1,2.67,3.62,2.63,3.10,3.36
1379,1,2.09,2.09,2.31,3.10,2.47
1380,0,1.59,2.43,2.23,3.10,2.99
1381,0,1.59,2.83,2.83,3.10,2.43
1382,1,2.41,4.55,2.74,3.10,2.94
1383,0,3.34,2.69,2.00,3.10,4.36
1384,1,2.02,2.61,2.13,3.10,4.36
1385,1,2.92,2.61,2.13,3.10,4.36
1386,0,2.08,2.69,2.67,3.10,2.86
1387,1,2.13,2.08,2.19,3.10,4.36
1388,0,3.69,3.45,3.45,3.10,4.36
1389,1,1.93,2.63,1.94,3.10,4.36
1390,0,2.85,2.14,2.04,2.80,4.03
1391,1,2.08,2.76,3.04,2.80,4.03
1392,1,2.35,3.69,2.68,2.80,3.82
1393,0,1.59,2.55,2.35,2.80,2.38
1394,1,1.82,2.85,2.49,2.80,3.36
1395,1,2.21,3.47,2.79,2.80,3.36
1396,0,1.60,2.09,3.82,2.80,3.36
1397,1,2.26,2.96,1.45,2.80,4.03
1398,1,2.89,3.32,3.04,2.80,4.03
1399,0,1.48,2.98,2.64,2.80,4.03
1400,1,3.12,1.79,3.64,2.80,3.27
1401,1,1.82,3.11,1.32,2.80,3.27
1402,1,2.04,2.78,3.11,2.80,3.36
1403,0,2.80,1.79,3.72,2.06,3.36
1404,1,1.81,3.15,2.09,2.80,3.36
1405,1,1.65,2.82,1.59,2.80,3.36
1406,0,1.80,3.58,2.39,2.80,3.36
1407,1,2.25,3.11,2.63,2.80,3.36
1408,1,2.21,3.81,3.29,2.80,2.46
1409,0,2.67,2.82,2.40,2.80,3.29
1410,1,2.35,3.69,2.68,2.80,3.82
1411,0,1.59,2.55,2.35,2.80,2.38
1412,0,2.91,2.55,2.35,2.91,2.31
1413,0,2.22,2.71,2.35,3.69,2.63
1414,1,2.16,2.82,2.08,2.35,3.48
1415,0,1.60,2.05,2.35,2.69,3.14
1416,1,2.89,2.30,2.35,3.88,4.62
1417,1,2.20,3.23,2.35,2.23,2.89
1418,0,1.65,2.82,2.35,2.45,1.87
1419,0,2.92,2.48,2.35,2.67,2.32
1420,0,3.11,3.45,2.35,1.97,3.70
1421,1,2.74,3.45,2.35,3.09,3.99
1422,0,2.45,3.45,2.35,2.37,3.09
1423,0,1.86,4.00,2.35,3.66,3.82
1424,0,1.53,4.00,2.23,3.36,2.35
1425,1,2.90,2.35,1.81,2.18,2.79
1426,0,1.85,3.87,2.35,3.01,2.58
1427,1,2.44,4.35,2.35,2.11,2.42
1428,0,2.29,3.11,2.35,2.22,2.46
1429,0,1.53,2.05,2.35,2.55,2.47
1430,0,2.49,2.28,2.09,3.88,4.00
1431,0,2.41,2.09,2.17,1.96,2.71
1432,0,2.41,2.09,3.38,1.87,3.48
1433,0,2.41,2.09,2.77,2.92,1.87
1434,0,2.41,2.09,1.48,2.11,2.59
1435,0,1.60,2.09,3.82,2.80,3.36
1436,0,1.37,2.09,1.68,1.87,4.05
1437,0,2.56,2.09,3.07,2.62,1.94
1438,1,2.41,2.09,2.86,2.49,4.00
1439,1,2.41,3.69,2.09,2.40,4.36
1440,1,2.60,2.09,2.41,3.88,1.90
1441,0,1.47,2.09,3.14,3.03,3.77
1442,1,3.66,2.09,5.62,1.81,2.59
1443,1,2.63,2.09,1.94,5.44,3.48
1444,0,1.32,2.09,1.79,1.89,3.47
1445,1,1.32,2.09,2.31,2.05,3.27
1446,1,1.32,2.63,2.31,3.42,2.09
1447,1,1.53,2.09,2.31,2.42,2.94
1448,1,2.09,2.09,2.31,3.10,2.47
1449,1,1.32,2.09,2.31,2.49,3.05
1450,1,2.31,2.05,3.34,2.44,2.46
1451,0,2.91,2.55,2.35,2.91,2.31
1452,0,1.32,1.63,2.31,2.62,1.94
1453,1,2.31,3.92,1.63,3.43,2.73
1454,0,1.50,3.83,2.31,1.71,2.45
1455,0,2.53,3.13,2.31,2.93,3.03
1456,0,2.82,2.49,2.31,2.76,2.46
1457,1,1.32,2.09,2.31,2.05,3.27
1458,1,1.32,2.63,2.31,3.42,2.09
1459,1,1.53,2.09,2.31,2.42,2.94
1460,1,2.09,2.09,2.31,3.10,2.47
1461,1,1.32,2.09,2.31,2.49,3.05
1462,0,3.80,3.66,2.31,1.89,3.40
1463,0,1.71,2.81,2.31,2.06,2.40
1464,0,2.27,2.40,2.31,2.40,2.13
1465,0,2.22,2.40,2.31,2.53,3.03
1466,0,2.13,2.40,2.31,2.53,3.03
1467,0,1.72,2.76,2.31,2.01,1.10
1468,1,1.80,2.81,2.31,3.16,2.32
1469,0,3.34,5.03,2.31,3.08,4.15
1470,0,2.20,2.36,2.01,1.97,3.70
1471,0,2.20,3.47,2.01,1.97,3.70
1472,0,1.42,2.59,2.01,1.97,3.70
1473,1,3.16,4.31,2.66,1.97,3.70
1474,1,2.04,3.69,2.78,1.97,3.70
1475,1,2.75,3.83,3.29,1.97,3.70
1476,1,2.85,4.31,3.16,1.97,3.70
1477,1,2.59,3.80,2.30,1.97,3.70
1478,0,2.22,4.35,1.69,1.97,3.70
1479,0,1.95,2.86,1.94,1.97,3.70
1480,0,1.60,2.82,1.69,1.97,3.70
1481,0,2.40,1.97,3.07,2.16,3.70
1482,1,2.63,4.74,2.68,3.46,3.70
1483,0,2.36,2.78,1.97,1.63,3.70
1484,0,2.29,3.08,2.16,1.97,3.70
1485,1,2.16,3.08,2.04,1.97,3.70
1486,1,2.23,3.16,2.00,1.97,3.70
1487,0,1.82,3.87,2.79,1.97,3.70
1488,0,3.07,3.64,1.45,1.97,3.70
1489,0,2.32,2.76,3.00,2.53,2.86
1490,1,2.85,2.76,2.04,3.15,7.29
1491,1,1.48,3.64,2.72,2.14,2.76
1492,0,2.02,2.76,1.75,2.93,1.78
1493,0,2.62,2.76,2.23,1.50,3.48
1494,0,1.58,2.76,1.75,2.18,2.40
1495,1,1.63,2.76,1.75,3.82,2.85
1496,1,1.80,2.76,1.75,2.67,4.52
1497,1,2.08,2.76,2.99,3.11,2.53
1498,0,2.32,2.76,2.99,2.92,2.76
1499,0,1.45,2.76,2.99,1.62,2.82
1500,0,1.45,2.76,1.75,3.54,2.53
1501,0,2.03,2.76,1.75,3.40,2.86
1502,0,2.68,2.76,3.84,1.96,2.97
1503,0,3.11,2.76,2.29,2.69,2.72
1504,0,2.08,2.76,2.99,2.11,3.69
1505,1,2.80,2.76,2.99,2.23,2.45
1506,1,2.16,2.76,3.18,2.47,2.99
1507,0,2.08,2.76,2.16,2.45,2.21
1508,0,2.76,3.69,3.29,1.81,2.08
1509,1,3.34,3.72,3.11,2.55,2.46
1510,1,3.11,3.69,2.88,2.55,3.54
1511,1,2.88,3.72,4.46,2.55,3.27
1512,1,2.78,2.14,3.58,1.81,2.55
1513,0,2.88,3.63,2.37,2.11,2.55
1514,1,2.88,3.95,1.65,2.55,4.72
1515,1,2.88,2.62,2.81,2.55,3.14
1516,1,2.88,2.28,2.55,3.01,2.58
1517,1,2.86,3.63,2.88,2.55,2.83
1518,1,2.88,3.02,2.01,2.55,2.83
1519,0,2.42,2.25,3.37,2.55,2.47
1520,0,1.71,2.86,3.63,2.55,2.47
1521,0,2.75,4.35,2.31,2.55,2.47
1522,0,1.53,2.05,2.35,2.55,2.47
1523,0,2.88,2.55,2.35,3.36,3.82
1524,1,2.88,3.63,3.03,3.00,2.55
1525,1,2.88,2.99,2.67,2.55,3.09
1526,1,2.88,2.55,2.00,2.62,3.14
1527,0,2.88,2.55,3.59,1.92,2.89
1528,1,2.88,2.85,1.32,2.55,3.27
1529,1,2.77,3.78,1.71,2.76,2.38
1530,1,3.29,2.48,1.71,3.34,2.32
1531,0,2.02,2.96,1.71,2.57,3.02
1532,0,2.09,1.71,1.63,2.31,3.72
1533,1,3.34,3.35,1.71,2.57,3.36
1534,0,2.88,2.54,1.71,2.57,2.94
1535,1,2.85,4.81,1.71,3.08,1.93
1536,1,2.20,3.49,1.71,2.67,3.15
1537,0,1.91,3.11,1.71,3.78,3.18
1538,0,1.71,2.90,1.71,2.20,2.85
1539,1,1.55,3.02,1.71,1.62,3.05
1540,0,1.80,3.15,1.71,2.69,1.63
1541,1,1.37,2.97,1.71,2.91,4.07
1542,0,3.11,2.69,1.71,3.36,3.41
1543,0,2.29,2.73,1.71,2.09,2.80
1544,0,1.59,2.86,2.23,1.71,2.83
1545,1,2.43,2.48,1.71,2.06,2.32
1546,0,2.32,2.87,1.71,3.78,3.18
1547,1,1.71,5.03,2.28,3.08,4.15
1548,1,2.91,2.99,1.71,3.19,2.39
1549,0,1.80,2.17,2.09,2.08,3.36
1550,1,2.09,2.81,1.82,2.08,3.36
1551,0,1.48,3.15,2.09,2.49,4.00
1552,1,2.92,3.15,2.09,2.53,2.02
1553,0,2.95,3.15,2.09,2.58,2.59
1554,0,2.09,3.15,2.08,2.35,2.97
1555,1,2.09,3.15,1.63,2.65,2.02
1556,0,1.55,3.15,2.09,2.81,2.42
1557,1,1.85,3.15,2.09,2.37,3.27
1558,1,2.09,3.15,1.56,2.53,2.94
1559,1,1.81,3.15,2.09,2.80,3.36
1560,1,2.09,3.15,3.42,4.15,5.03
1561,1,2.68,3.15,2.09,3.08,2.99
1562,0,3.53,3.15,3.46,2.30,2.09
1563,1,1.47,3.15,2.09,2.49,3.05
1564,1,1.45,3.15,2.09,2.02,2.70
1565,0,3.11,3.15,2.09,3.15,3.02
1566,0,2.16,3.15,2.09,1.65,3.41
1567,1,1.71,3.15,2.09,2.70,2.16
1568,0,1.48,2.28,2.01,3.15,2.09
1569,0,2.85,2.14,2.04,2.80,4.03
1570,1,2.08,2.76,3.04,2.80,4.03
1571,1,1.63,3.87,2.36,3.49,4.03
1572,0,1.98,2.89,2.53,3.24,4.03
1573,1,2.22,4.51,2.04,3.60,4.03
1574,0,2.21,3.83,2.16,2.67,4.03
1575,1,1.45,4.00,3.83,1.78,4.03
1576,1,2.22,3.83,2.60,2.29,4.03
1577,1,2.95,4.81,2.85,3.83,4.03
1578,1,2.26,2.96,1.45,2.80,4.03
1579,1,2.89,3.32,3.04,2.80,4.03
1580,0,1.48,2.98,2.64,2.80,4.03
1581,1,3.72,1.79,2.36,3.26,4.03
1582,0,1.59,2.76,3.04,2.35,4.03
1583,1,2.68,4.74,1.94,2.35,4.03
1584,0,1.59,2.63,1.94,3.15,4.03
1585,1,1.83,2.26,2.39,2.09,4.03
1586,0,2.06,1.89,2.83,4.03,3.06
1587,1,2.71,1.89,1.94,2.22,4.03
1588,1,2.29,3.53,2.64,1.90,3.38
1589,0,2.29,3.01,2.08,1.85,2.97
1590,1,2.29,3.37,2.64,2.46,4.15
1591,1,2.29,2.65,2.56,2.41,3.38
1592,0,2.29,3.81,1.80,2.67,4.54
1593,1,2.29,2.40,3.48,2.96,2.45
1594,1,2.29,2.62,3.58,3.65,3.25
1595,0,2.29,2.75,2.72,2.93,2.54
1596,0,1.78,3.22,2.12,4.25,2.29
1597,0,2.29,4.31,2.49,1.90,4.14
1598,1,2.29,3.14,2.45,1.90,2.45
1599,1,2.29,2.76,3.04,2.30,2.52
1600,0,2.29,2.82,2.17,2.56,3.12
1601,0,2.29,1.73,2.27,2.35,3.33
1602,1,2.29,2.00,1.75,2.56,2.63
1603,0,2.29,4.94,2.16,2.58,2.46
1604,1,2.29,3.53,1.99,2.64,1.85
1605,1,2.29,2.82,2.60,4.09,2.38
1606,0,2.27,2.44,2.18,2.29,3.10
1607,0,2.62,3.83,2.29,2.05,3.43
1608,0,1.53,2.43,2.65,2.42,1.65
1609,0,1.53,3.63,2.23,2.42,2.53
1610,1,1.53,3.63,3.37,2.42,2.53
1611,1,2.23,3.19,3.34,2.42,1.53
1612,1,1.53,2.09,2.31,2.42,2.94
1613,0,2.87,2.70,1.53,2.42,4.06
1614,0,1.53,3.72,4.46,3.36,3.66
1615,0,1.53,2.78,4.46,3.36,2.79
1616,0,1.53,2.69,1.48,1.87,2.45
1617,1,1.53,3.63,2.37,3.08,1.91
1618,0,1.55,3.08,1.53,3.78,3.18
1619,1,1.53,2.46,2.74,1.97,3.84
1620,1,1.53,4.73,2.28,2.91,3.52
1621,0,3.37,2.05,1.53,2.22,3.66
1622,0,1.53,4.00,2.23,3.36,2.35
1623,1,1.53,2.89,2.77,2.28,2.45
1624,0,1.53,3.03,2.77,2.37,2.61
1625,0,1.53,2.54,2.77,2.89,4.24
1626,0,1.53,2.05,2.35,2.55,2.47
1627,0,1.53,2.62,2.36,3.10,2.46
1628,1,2.35,3.69,2.68,2.80,3.82
1629,0,2.28,3.69,2.23,2.47,2.83
1630,1,2.04,3.69,2.78,1.97,3.70
1631,0,2.08,3.69,2.23,2.78,3.69
1632,0,2.22,2.71,2.35,3.69,2.63
1633,1,3.11,3.69,2.88,2.55,3.54
1634,1,3.12,3.69,1.85,2.57,3.04
1635,1,2.59,3.69,2.40,1.96,2.82
1636,1,2.41,3.69,2.09,2.40,4.36
1637,1,1.59,3.69,2.72,2.86,1.96
1638,1,2.76,3.69,3.04,3.58,2.04
1639,0,2.30,3.69,2.59,2.05,3.25
1640,0,1.65,3.69,1.45,2.70,3.40
1641,1,2.27,3.69,3.37,2.05,1.91
1642,1,2.85,3.69,2.65,3.49,2.61
1643,0,3.22,3.69,1.94,3.75,2.52
1644,0,2.21,3.69,2.00,2.67,1.10
1645,0,2.75,3.69,1.10,3.19,2.39
1646,1,2.78,2.63,2.93,1.88,1.91
1647,1,2.87,3.19,2.55,2.93,1.91
1648,0,2.07,2.63,1.91,1.94,3.03
1649,1,2.27,3.69,3.37,2.05,1.91
1650,1,2.37,2.14,3.02,2.70,1.91
1651,1,2.32,2.85,2.44,3.49,1.91
1652,1,1.55,2.82,2.79,1.91,2.66
1653,0,3.11,3.48,3.34,2.69,1.91
1654,0,1.90,3.72,2.02,2.91,1.91
1655,0,2.74,2.62,2.36,2.37,1.91
1656,0,2.05,2.83,1.60,3.11,1.91
1657,1,1.53,3.63,2.37,3.08,1.91
1658,0,1.91,3.11,1.71,3.78,3.18
1659,1,1.48,2.46,3.07,2.05,1.91
1660,0,2.28,3.00,2.01,1.91,3.52
1661,1,2.52,3.69,2.81,2.64,1.91
1662,1,2.06,3.35,2.02,1.94,1.91
1663,1,2.32,3.78,1.71,3.49,1.91
1664,0,1.60,2.69,2.37,1.91,2.42
1665,1,3.56,2.95,2.65,2.31,1.91
1666,1,2.09,2.09,2.31,3.10,2.47
1667,1,2.13,2.61,2.25,2.67,2.47
1668,0,2.88,3.69,1.59,1.88,2.47
1669,0,2.74,3.72,2.00,2.16,2.47
1670,1,1.58,3.83,2.83,2.47,2.43
1671,0,2.42,2.25,3.37,2.55,2.47
1672,0,1.71,2.86,3.63,2.55,2.47
1673,0,2.75,4.35,2.31,2.55,2.47
1674,0,2.25,2.62,2.36,1.87,2.47
1675,0,1.53,2.05,2.35,2.55,2.47
1676,0,4.09,3.77,3.69,1.89,2.47
1677,1,3.13,5.03,2.23,2.44,2.47
1678,1,1.68,4.05,1.37,2.91,2.47
1679,1,3.78,3.72,1.71,2.89,2.47
1680,0,2.67,2.15,2.99,2.47,2.52
1681,1,2.80,3.80,3.75,2.80,2.47
1682,1,3.11,2.05,2.12,2.55,2.47
1683,1,2.05,2.16,4.46,2.55,2.47
1684,0,1.54,3.87,1.79,3.08,2.47
1685,1,1.77,2.05,2.72,2.55,2.47
1686,1,2.67,2.28,3.37,3.00,2.02
1687,1,2.68,3.63,2.81,3.00,2.53
1688,1,2.93,2.62,2.12,3.00,3.41
1689,0,1.37,3.03,3.41,2.77,3.00
1690,1,2.56,3.92,3.07,3.03,3.00
1691,1,2.88,3.63,3.03,3.00,2.55
1692,0,3.83,2.69,3.03,3.00,2.54
1693,1,3.03,2.52,2.27,3.00,2.46
1694,1,2.16,3.02,1.71,3.00,3.41
1695,0,2.80,3.53,2.49,3.00,3.41
1696,0,2.07,3.74,2.24,3.00,3.41
1697,1,2.52,3.19,2.23,3.00,3.41
1698,0,2.72,3.78,1.71,3.00,3.41
1699,1,2.44,2.95,2.77,3.41,3.00
1700,1,2.58,4.17,2.99,3.00,3.41
1701,0,2.63,4.74,1.35,3.00,4.03
1702,1,3.39,3.40,1.56,3.00,2.42
1703,0,2.30,1.82,3.03,3.00,2.02
1704,1,2.16,1.35,3.00,3.03,3.57
1705,1,2.32,4.05,1.69,3.03,3.00
1706,1,2.44,3.20,3.31,2.74,3.48
1707,0,2.30,2.82,2.23,2.78,3.48
1708,0,2.76,2.14,3.18,3.10,3.48
1709,0,2.07,2.14,3.03,2.62,3.48
1710,0,1.84,2.14,3.29,2.92,3.48
1711,1,1.54,2.05,2.37,2.92,3.48
1712,0,2.41,2.09,3.38,1.87,3.48
1713,1,2.16,2.82,2.08,2.35,3.48
1714,1,2.78,3.87,2.92,3.58,3.48
1715,1,2.02,4.74,3.41,2.93,3.48
1716,1,2.10,3.08,3.97,2.36,3.48
1717,1,2.45,3.14,2.89,3.36,3.48
1718,0,2.62,2.76,2.23,1.50,3.48
1719,1,1.63,4.00,2.71,2.02,3.48
1720,1,2.19,4.74,2.68,2.99,3.48
1721,0,1.71,2.47,3.08,2.59,3.48
1722,1,1.47,2.05,2.27,1.87,3.48
1723,1,1.37,2.91,3.11,1.81,3.48
1724,0,2.85,2.61,2.23,2.02,3.48
1725,1,2.32,2.61,3.77,3.42,3.48
1726,0,3.29,1.79,1.97,2.63,2.08
1727,1,2.21,3.45,3.29,1.87,3.72
1728,0,1.97,3.45,3.29,1.87,3.72
1729,1,2.77,3.78,3.29,2.57,2.78
1730,0,2.76,2.43,3.29,2.68,3.27
1731,0,2.81,3.78,3.53,3.46,3.29
1732,0,1.84,2.14,3.29,2.92,3.48
1733,1,2.75,3.83,3.29,1.97,3.70
1734,1,2.52,3.77,3.29,2.42,3.14
1735,1,2.44,3.77,3.29,2.47,3.66
1736,1,2.99,3.77,3.29,2.47,2.74
1737,0,3.77,4.55,2.13,3.29,2.46
1738,1,2.55,4.51,3.29,2.24,1.95
1739,1,2.52,2.89,3.29,5.44,3.48
1740,0,2.03,4.00,3.29,1.89,3.47
1741,1,3.29,2.48,1.71,3.34,2.32
1742,1,3.29,3.20,3.08,2.59,3.34
1743,1,2.21,3.81,3.29,2.80,2.46
1744,1,1.45,3.01,3.29,2.91,2.05
1745,0,1.10,3.11,3.29,2.67,2.39
1746,0,1.54,2.05,2.62,2.64,3.27
1747,1,1.54,2.05,2.01,3.36,3.52
1748,1,1.54,2.05,2.23,2.94,2.61
1749,1,1.54,2.05,2.37,2.92,3.48
1750,1,2.01,2.05,1.54,2.70,3.52
1751,0,1.54,2.05,2.01,1.87,3.52
1752,0,1.54,2.05,1.81,2.01,3.52
1753,0,1.54,2.05,2.01,3.02,3.52
1754,1,1.54,2.05,2.69,2.67,3.53
1755,0,1.60,2.05,2.35,2.69,3.14
1756,0,2.52,2.30,3.75,2.69,2.05
1757,0,2.68,2.05,2.77,2.49,4.00
1758,1,1.47,2.05,2.27,1.87,3.48
1759,0,2.62,3.83,2.29,2.05,3.43
1760,0,1.58,2.05,3.58,1.81,3.20
1761,1,1.45,3.01,3.29,2.91,2.05
1762,1,2.03,4.00,2.05,1.87,2.66
1763,0,1.60,2.05,2.15,3.61,2.67
1764,0,1.76,2.05,3.22,1.54,2.99
1765,1,1.54,2.05,2.24,4.73,3.52
1766,0,2.01,2.04,2.49,3.42,2.55
1767,0,2.01,2.83,3.88,2.29,2.83
1768,0,2.01,1.79,3.72,1.89,3.47
1769,0,2.01,2.82,2.91,2.29,2.83
1770,1,2.01,4.31,2.92,2.67,4.14
1771,1,2.01,3.49,2.65,5.44,3.48
1772,0,2.01,2.69,1.72,2.76,3.05
1773,0,2.01,3.30,2.67,2.67,3.48
1774,0,2.85,2.70,2.01,2.05,2.89
1775,0,2.01,2.87,4.00,2.11,2.44
1776,0,2.01,4.05,2.93,3.08,3.72
1777,0,2.01,2.67,3.77,1.97,3.70
1778,0,2.01,2.09,2.17,2.77,3.48
1779,1,2.01,4.73,2.52,3.88,3.52
1780,0,2.01,2.63,2.23,3.37,3.16
1781,1,2.76,3.63,2.01,2.11,3.16
1782,0,2.01,3.83,2.15,2.91,3.48
1783,1,2.01,3.92,3.07,2.11,2.93
1784,1,2.01,2.54,2.12,2.91,2.89
1785,0,2.01,2.30,2.58,2.01,3.53
1786,0,3.69,3.35,2.02,2.14,2.08
1787,1,3.42,4.05,1.68,2.14,3.92
1788,1,1.48,3.64,2.72,2.14,2.76
1789,0,2.14,3.11,1.75,2.85,2.40
1790,0,3.12,3.58,4.31,2.14,3.52
1791,0,2.85,2.38,2.24,2.14,3.33
1792,1,2.74,2.48,3.34,2.14,2.32
1793,0,1.68,4.05,1.54,2.14,4.15
1794,0,2.02,2.75,3.55,2.14,4.15
1795,0,2.04,2.70,2.01,2.14,3.40
1796,0,2.29,3.08,2.38,2.14,3.48
1797,0,2.41,2.86,2.26,2.14,2.27
1798,1,2.65,2.09,2.29,2.14,2.72
1799,1,2.74,3.40,3.39,2.14,2.81
1800,0,2.01,3.87,2.67,2.14,3.69
1801,0,2.41,3.69,2.14,2.67,2.72
1802,0,1.46,1.62,1.95,2.14,2.91
1803,1,2.22,3.74,2.07,2.14,3.34
1804,1,1.37,2.49,1.79,2.14,2.32
1805,0,2.14,2.49,2.63,1.96,3.05
1806,1,2.09,2.95,3.47,3.36,3.41
1807,0,2.09,2.95,3.47,3.36,3.41
1808,1,2.09,2.95,3.47,2.43,3.41
1809,0,2.59,2.95,3.47,2.09,3.41
1810,1,1.48,2.95,3.59,3.08,3.41
1811,1,1.48,3.11,3.59,3.82,3.41
1812,0,3.11,2.69,1.71,3.36,3.41
1813,1,2.44,5.03,5.04,4.15,3.41
1814,0,2.16,3.15,2.09,1.65,3.41
1815,1,2.93,2.62,2.12,3.00,3.41
1816,0,1.37,3.03,3.41,2.77,3.00
1817,1,2.16,3.02,1.71,3.00,3.41
1818,0,2.80,3.53,2.49,3.00,3.41
1819,0,2.07,3.74,2.24,3.00,3.41
1820,1,2.52,3.19,2.23,3.00,3.41
1821,0,2.72,3.78,1.71,3.00,3.41
1822,1,2.44,2.95,2.77,3.41,3.00
1823,1,2.58,4.17,2.99,3.00,3.41
1824,0,2.30,3.11,3.06,1.88,3.41
1825,1,2.69,4.55,3.06,1.88,3.41
1826,1,2.41,3.44,2.41,2.72,3.68
1827,0,2.81,2.60,1.58,2.58,2.72
1828,0,2.32,4.74,3.41,1.87,2.72
1829,1,2.95,2.40,2.80,3.09,2.72
1830,0,3.72,3.83,2.00,1.62,2.72
1831,0,1.67,2.66,1.94,2.27,2.72
1832,1,2.85,3.79,2.26,2.26,2.72
1833,1,2.24,2.70,3.69,2.06,2.72
1834,0,1.65,2.09,2.39,2.37,2.72
1835,0,2.68,4.74,1.91,2.96,2.72
1836,0,2.68,4.74,2.96,1.78,2.72
1837,1,2.91,2.55,2.80,1.78,2.72
1838,0,2.04,2.63,2.71,2.87,2.72
1839,0,2.25,2.71,1.72,2.26,2.72
1840,0,2.32,2.96,1.75,2.11,2.72
1841,0,3.11,2.76,2.29,2.69,2.72
1842,0,2.72,3.78,1.71,3.00,3.41
1843,1,2.65,2.09,2.29,2.14,2.72
1844,0,3.03,2.55,1.80,1.78,2.72
1845,0,2.41,3.69,2.14,2.67,2.72
1846,0,1.55,3.15,2.09,2.81,2.42
1847,1,2.62,3.07,2.37,2.64,2.42
1848,1,2.87,3.11,2.37,2.91,2.42
1849,0,2.68,2.46,3.82,1.88,2.42
1850,0,2.30,2.25,2.00,3.08,2.42
1851,1,2.44,2.78,3.63,2.92,2.42
1852,0,3.34,3.72,3.63,3.03,2.42
1853,1,2.32,3.11,3.37,2.91,2.42
1854,1,3.46,2.76,3.75,2.69,2.42
1855,0,1.97,2.05,1.77,2.42,3.70
1856,0,1.65,2.68,2.01,2.69,2.42
1857,0,3.04,2.68,2.75,2.91,2.42
1858,0,2.81,4.17,2.29,2.99,2.42
1859,1,2.42,2.25,2.47,3.78,3.18
1860,0,1.60,2.69,2.37,1.91,2.42
1861,1,2.52,2.54,2.38,3.63,2.42
1862,1,2.52,2.99,2.81,2.05,2.42
1863,1,1.65,3.63,2.65,2.11,2.42
1864,1,2.42,4.73,2.12,2.99,1.91
1865,1,2.42,2.53,2.52,2.17,3.54
1866,1,3.56,4.31,3.16,2.49,4.00
1867,0,3.56,1.98,2.45,2.59,2.51
1868,0,3.56,2.76,3.04,2.95,3.89
1869,0,3.56,2.54,3.74,3.53,3.65
1870,0,3.56,3.01,2.44,1.81,3.82
1871,1,3.56,2.81,2.44,3.15,2.53
1872,1,3.56,2.86,2.62,3.01,2.58
1873,0,3.56,3.77,2.29,3.47,2.32
1874,1,3.56,2.83,2.32,1.87,2.45
1875,1,3.56,3.99,2.57,2.69,3.52
1876,0,3.56,2.30,2.47,3.78,3.53
1877,1,1.39,2.81,3.56,2.67,2.16
1878,0,3.56,2.81,3.42,2.67,3.14
1879,1,3.56,2.95,2.65,2.31,1.91
1880,0,3.56,1.62,2.13,3.11,2.53
1881,1,3.56,3.83,2.88,3.66,4.36
1882,0,3.56,3.72,2.41,2.70,2.93
1883,1,3.56,3.24,4.53,4.43,3.44
1884,0,3.56,2.46,3.92,2.18,1.96
1885,0,3.56,2.18,2.72,2.40,2.20
1886,1,2.08,2.69,3.47,2.11,2.61
1887,0,4.31,2.04,2.33,3.49,2.08
1888,0,2.08,2.40,1.10,1.92,2.04
1889,1,2.08,2.82,2.77,2.35,3.37
1890,1,2.08,2.69,3.49,3.05,2.55
1891,0,2.08,2.69,2.20,3.05,3.36
1892,0,2.08,2.47,2.20,2.17,2.44
1893,1,2.96,2.69,2.71,2.37,2.08
1894,0,2.08,2.76,2.99,2.11,3.69
1895,0,2.08,2.09,2.38,2.02,2.40
1896,0,2.08,3.72,1.95,1.94,3.37
1897,1,2.08,2.35,2.67,1.78,3.02
1898,0,2.08,2.76,2.16,2.45,2.21
1899,0,2.76,3.69,3.29,1.81,2.08
1900,1,2.08,3.78,2.57,3.36,2.77
1901,0,2.08,2.13,1.98,2.82,2.26
1902,1,2.08,2.04,2.05,2.14,2.52
1903,0,2.08,1.79,4.96,1.48,2.74
1904,0,2.08,2.62,2.35,3.10,3.29
1905,1,2.08,3.79,2.12,2.49,2.52
1906,1,2.09,2.95,3.47,3.36,3.41
1907,0,2.09,2.95,3.47,3.36,3.41
1908,0,1.94,2.78,2.68,3.36,3.12
1909,0,2.44,3.03,3.36,1.88,1.94
1910,0,2.72,3.07,2.67,3.36,2.02
1911,1,1.82,2.72,2.68,3.36,2.86
1912,1,2.68,3.72,3.47,3.36,2.72
1913,1,2.29,2.92,2.24,3.36,2.72
1914,1,2.49,2.40,1.77,3.36,2.72
1915,0,3.11,2.69,1.71,3.36,3.41
1916,0,2.67,2.05,3.36,2.58,2.02
1917,0,2.27,2.99,3.42,3.36,2.02
1918,1,2.01,2.89,2.21,3.36,2.72
1919,1,2.11,2.62,3.36,2.64,2.72
1920,1,3.06,1.60,2.65,3.36,3.14
1921,1,1.60,2.69,2.65,3.36,3.99
1922,1,1.60,2.69,2.81,3.36,3.41
1923,1,2.75,3.36,2.93,3.78,3.18
1924,0,1.63,3.92,3.07,3.36,2.03
1925,1,1.32,4.31,2.93,3.36,3.30
1926,0,1.65,3.69,1.45,2.70,3.40
1927,1,2.91,3.43,1.65,3.49,4.14
1928,0,1.65,2.82,2.35,2.45,1.87
1929,1,1.65,2.82,1.59,2.80,3.36
1930,0,2.36,4.35,1.65,2.37,1.45
1931,0,1.54,3.79,1.65,2.26,4.07
1932,0,2.44,2.54,3.22,1.65,2.99
1933,0,1.65,2.46,2.74,2.93,3.34
1934,1,1.59,2.63,3.42,2.25,1.65
1935,1,1.65,3.17,3.77,2.22,2.46
1936,0,1.65,3.96,3.88,2.89,1.85
1937,0,1.95,1.65,2.86,2.24,3.15
1938,0,1.65,2.75,3.84,2.31,3.04
1939,0,1.65,2.05,2.79,3.66,3.57
1940,1,1.65,3.63,2.65,2.11,2.42
1941,0,1.65,2.67,3.34,3.08,2.95
1942,0,1.65,3.72,2.65,3.15,2.33
1943,1,1.70,3.62,1.65,1.81,3.27
1944,0,1.65,2.37,3.42,2.09,2.39
1945,0,1.65,2.94,3.63,1.88,2.99
1946,0,1.10,2.55,2.54,2.38,3.46
1947,1,1.10,3.76,2.41,2.60,3.63
1948,0,1.95,2.45,1.10,3.00,4.00
1949,0,1.10,3.09,1.68,2.06,4.65
1950,0,1.10,2.85,2.91,4.52,2.51
1951,0,1.10,2.54,2.65,3.10,3.20
1952,0,2.08,2.40,1.10,1.92,2.04
1953,0,1.10,4.05,3.47,2.74,3.16
1954,0,1.10,2.06,3.77,3.08,2.02
1955,0,1.10,3.17,4.18,2.18,2.40
1956,0,1.10,3.79,1.79,1.67,2.54
1957,0,1.10,3.63,3.64,3.16,2.02
1958,0,1.10,2.53,2.40,2.62,2.51
1959,1,1.10,2.83,2.17,2.57,2.44
1960,0,1.10,2.69,2.53,1.81,4.14
1961,1,1.10,4.94,2.62,2.16,3.43
1962,0,1.10,2.30,2.92,2.52,2.88
1963,1,1.10,3.72,2.69,2.64,3.44
1964,0,1.10,2.69,2.64,2.40,2.44
1965,0,1.10,3.72,2.74,2.40,3.44
1966,1,1.71,2.28,2.17,3.15,4.14
1967,0,2.14,2.81,3.18,3.15,4.14
1968,1,3.29,2.81,3.00,3.15,3.04
1969,0,2.04,3.78,2.77,3.15,3.02
1970,0,2.57,2.15,1.90,3.15,3.02
1971,0,1.59,2.63,1.94,3.15,4.03
1972,0,1.59,2.48,2.79,3.15,2.32
1973,1,3.25,2.76,1.50,3.15,3.27
1974,0,3.34,4.31,2.27,3.15,4.14
1975,0,1.79,3.51,2.01,3.15,3.02
1976,0,3.11,3.15,2.09,3.15,3.02
1977,0,2.44,3.76,3.02,2.83,3.15
1978,1,3.34,2.62,2.36,3.15,3.02
1979,1,2.95,2.81,3.15,2.40,3.02
1980,0,2.02,3.76,3.69,3.15,3.02
1981,0,1.40,3.17,3.29,3.15,3.02
1982,0,2.16,3.14,3.16,3.15,3.02
1983,1,1.80,3.01,3.15,3.02,3.15
1984,0,3.07,3.92,2.44,3.15,3.02
1985,1,2.21,3.88,2.81,2.82,3.11
1986,0,3.34,2.67,2.81,1.81,3.38
1987,0,2.81,2.28,2.55,2.17,2.61
1988,1,2.52,2.99,2.81,2.05,2.42
1989,0,2.52,2.62,2.81,2.64,2.67
1990,1,2.81,2.62,1.81,1.97,3.70
1991,0,2.81,3.87,2.65,2.37,4.03
1992,0,2.81,2.37,2.13,2.37,4.03
1993,1,2.81,2.85,2.31,1.97,3.70
1994,1,2.30,3.62,2.81,2.55,2.74
1995,1,2.81,3.95,2.86,2.79,2.18
1996,1,2.81,2.14,3.07,3.10,3.67
1997,0,2.81,3.78,2.77,2.91,2.16
1998,1,2.81,2.62,1.20,2.89,3.47
1999,1,2.07,3.14,2.81,1.94,2.02
2000,1,2.81,3.14,3.39,2.11,2.64
2001,1,2.98,3.20,2.81,1.78,2.46
2002,0,2.81,3.20,3.64,2.74,3.02
2003,0,2.81,2.78,2.62,1.97,3.70
2004,0,1.79,3.15,2.24,2.37,2.81
2005,1,3.38,2.28,1.87,1.88,3.54
2006,1,2.20,3.63,2.77,2.93,3.54
2007,1,3.11,3.69,2.88,2.55,3.54
2008,0,2.20,2.28,2.55,1.88,3.54
2009,0,2.08,3.08,2.87,2.17,3.54
2010,0,2.40,3.02,1.60,2.72,3.54
2011,0,2.85,2.78,3.82,2.17,3.54
2012,1,2.59,2.68,3.18,2.91,3.54
2013,0,2.59,3.66,2.35,1.78,3.54
2014,1,1.37,3.29,2.40,2.17,3.54
2015,0,1.48,3.78,1.71,2.17,3.54
2016,1,2.42,2.53,2.52,2.17,3.54
2017,1,1.53,2.46,2.59,2.17,3.54
2018,0,2.33,2.82,3.46,2.17,3.54
2019,1,2.52,3.51,2.55,2.17,3.54
2020,1,1.54,2.05,3.34,2.17,3.54
2021,1,2.78,2.99,2.17,3.42,3.54
2022,0,2.20,2.05,3.33,2.17,3.54
2023,1,2.05,3.74,1.54,2.17,3.54
2024,1,1.82,2.35,2.29,2.17,3.54
2025,1,1.79,3.20,2.81,2.70,3.27
2026,0,2.91,3.45,4.13,2.70,1.87
2027,1,3.11,3.45,4.13,2.70,2.91
2028,0,3.34,2.94,2.38,2.70,2.23
2029,1,2.85,4.74,3.41,2.46,2.70
2030,0,2.41,3.74,2.45,2.70,2.38
2031,0,2.28,2.82,1.95,2.70,3.04
2032,1,2.91,2.22,4.13,2.70,3.05
2033,1,2.01,2.05,1.54,2.70,3.52
2034,1,2.68,4.74,3.88,2.70,1.56
2035,1,1.56,3.54,1.75,2.70,2.45
2036,0,2.68,4.74,2.77,2.70,3.37
2037,0,1.65,3.69,1.45,2.70,3.40
2038,0,1.45,3.64,2.19,2.70,2.65
2039,1,2.37,2.14,3.02,2.70,1.91
2040,0,2.87,2.70,1.53,2.42,4.06
2041,1,2.22,2.83,2.01,2.70,4.15
2042,0,3.72,3.29,2.23,2.70,4.27
2043,1,1.45,3.15,2.09,2.07,2.70
2044,0,2.37,2.94,3.59,2.70,3.14
2045,0,2.37,2.94,3.59,2.70,3.14
2046,0,1.37,2.62,1.81,2.49,3.14
2047,0,2.44,2.69,3.34,2.11,3.14
2048,0,2.26,2.62,2.52,2.37,3.14
2049,1,2.37,2.63,3.42,2.22,3.14
2050,0,3.06,2.86,5.03,3.14,2.28
2051,1,2.20,2.62,3.33,2.67,3.14
2052,1,2.04,3.72,2.79,2.78,3.14
2053,1,3.06,1.60,2.65,3.36,3.14
2054,1,2.77,2.62,2.64,3.42,3.14
2055,1,2.08,2.37,2.81,2.93,3.14
2056,0,2.29,4.55,3.03,2.47,3.14
2057,0,2.08,2.75,2.62,2.01,3.14
2058,1,2.72,3.69,3.34,2.53,3.14
2059,1,2.08,3.17,3.07,3.14,2.53
2060,0,1.53,2.46,3.34,2.53,3.14
2061,0,1.53,2.46,3.34,2.53,3.14
2062,1,2.87,2.81,3.08,2.53,3.14
2063,1,3.14,3.07,3.59,1.65,2.53
2064,1,3.42,3.62,2.81,3.14,2.53
2065,0,2.27,2.28,2.52,1.81,2.46
2066,0,2.32,2.62,2.52,2.37,3.14
2067,0,2.32,2.44,2.52,2.93,3.66
2068,1,3.53,2.05,3.46,2.52,1.54
2069,0,2.42,3.63,2.52,2.80,4.03
2070,0,1.10,3.63,2.52,3.82,2.93
2071,0,1.10,3.63,2.52,2.11,3.11
2072,1,2.52,3.19,2.23,3.00,3.41
2073,0,2.17,4.73,2.52,2.99,2.53
2074,1,1.53,2.46,2.52,2.40,3.14
2075,0,3.13,3.45,2.80,2.28,2.52
2076,0,1.53,2.46,2.77,2.42,2.52
2077,0,2.52,3.63,2.68,2.11,3.14
2078,1,2.42,2.53,2.52,2.17,3.54
2079,1,2.30,2.99,3.82,2.05,2.52
2080,1,1.88,2.62,2.52,2.64,3.36
2081,1,2.52,2.62,1.81,2.37,4.03
2082,1,2.52,3.51,2.55,2.17,3.54
2083,0,2.52,3.19,2.11,2.89,2.95
2084,1,1.54,4.05,1.68,2.57,2.78
2085,1,1.10,4.05,2.78,2.35,3.12
2086,0,2.32,4.05,2.38,1.87,3.11
2087,1,4.05,3.29,3.00,2.72,2.87
2088,1,1.58,4.05,2.49,2.92,2.43
2089,0,2.78,1.94,4.05,2.69,2.96
2090,1,3.72,2.73,2.01,4.05,2.44
2091,1,3.42,4.05,1.68,2.14,3.92
2092,0,1.68,4.05,2.21,1.50,4.15
2093,0,1.37,2.09,1.68,1.87,4.05
2094,1,2.92,4.05,1.68,2.63,2.86
2095,0,2.62,4.05,2.41,3.42,2.93
2096,1,2.75,4.05,2.76,4.22,4.37
2097,1,1.79,4.05,1.68,2.76,2.38
2098,1,1.56,4.05,2.22,1.96,3.06
2099,0,2.52,4.05,1.70,1.96,3.24
2100,0,1.80,4.05,1.68,1.78,1.98
2101,1,2.53,4.05,1.68,2.57,2.78
2102,0,2.60,4.05,1.68,2.17,2.80
2103,0,1.10,4.05,1.68,2.37,2.58
2104,1,2.26,2.96,1.45,2.80,4.03
2105,0,1.86,2.26,2.40,2.76,2.89
2106,1,2.99,2.86,2.29,2.26,2.32
2107,1,1.59,3.69,2.26,2.49,2.33
2108,0,2.41,2.86,2.26,2.14,2.27
2109,0,2.26,2.84,1.39,3.51,3.38
2110,0,2.26,2.94,2.81,2.99,3.30
2111,0,2.26,2.28,3.39,3.40,2.40
2112,0,2.26,3.86,3.07,1.97,3.70
2113,1,2.26,4.17,2.99,2.28,2.94
2114,1,2.26,2.82,1.72,2.52,2.83
2115,0,2.26,2.86,3.06,3.03,1.68
2116,1,2.26,3.95,2.72,2.40,1.68
2117,1,1.54,2.17,1.68,2.26,2.67
2118,0,2.26,3.83,1.68,3.15,3.66
2119,1,2.26,3.69,1.28,2.37,3.14
2120,1,2.26,3.72,1.82,2.65,2.67
2121,1,2.26,3.72,1.82,2.65,2.67
2122,1,2.26,3.03,4.07,2.31,3.16
2123,0,2.20,2.36,2.01,1.97,3.70
2124,0,2.20,3.47,2.01,1.97,3.70
2125,1,2.20,2.30,2.24,2.91,3.53
2126,0,2.20,3.58,2.81,2.69,2.94
2127,1,3.18,3.43,2.20,2.67,4.14
2128,0,2.20,3.63,2.77,2.49,4.00
2129,0,2.20,3.63,3.34,1.87,1.94
2130,1,2.20,3.63,2.55,3.03,2.98
2131,1,2.20,3.63,2.77,2.93,3.54
2132,0,2.20,2.05,2.55,1.88,1.94
2133,0,2.20,2.28,2.55,1.88,3.54
2134,0,2.20,2.28,2.55,2.93,2.66
2135,1,2.20,2.87,3.08,2.55,2.42
2136,0,2.87,2.20,2.55,3.08,2.02
2137,1,2.20,2.17,3.33,2.93,3.82
2138,1,2.20,3.11,3.33,2.37,3.27
2139,0,2.20,3.69,3.33,1.92,3.27
2140,1,2.04,2.20,3.33,3.03,3.14
2141,0,1.53,2.46,3.33,1.81,2.20
2142,1,2.20,2.62,3.33,2.67,3.14
2143,0,1.54,2.05,2.62,2.64,3.27
2144,1,3.38,4.60,3.34,2.64,2.99
2145,1,2.62,3.07,2.37,2.64,2.42
2146,1,2.68,2.43,2.62,2.64,2.89
2147,0,1.54,2.05,2.67,2.64,2.52
2148,1,2.52,3.69,2.81,2.64,1.91
2149,1,2.74,3.38,2.83,2.64,2.65
2150,1,2.16,3.20,4.07,2.64,3.02
2151,0,2.52,3.20,1.71,2.64,3.27
2152,1,2.07,3.20,3.72,2.64,3.11
2153,0,1.60,3.20,2.67,2.64,2.69
2154,1,2.37,2.64,2.01,2.99,2.42
2155,1,2.62,2.64,2.81,2.17,2.53
2156,0,2.62,4.55,3.42,2.64,2.99
2157,1,2.11,2.62,3.36,2.64,2.72
2158,0,2.52,2.62,2.81,2.64,2.67
2159,1,2.23,3.19,2.29,2.64,1.81
2160,1,2.77,2.62,2.64,3.42,3.14
2161,1,1.88,2.62,2.52,2.64,3.36
2162,1,3.13,2.95,2.62,2.64,2.42
2163,1,2.87,3.19,2.59,3.08,4.26
2164,1,2.59,4.26,3.59,3.08,3.27
2165,1,2.23,3.89,3.59,3.08,3.19
2166,1,1.48,2.95,3.59,3.08,3.41
2167,0,3.42,3.19,3.08,2.87,2.02
2168,1,2.20,2.87,3.08,2.55,2.42
2169,0,2.87,2.20,2.55,3.08,2.02
2170,0,2.67,3.19,2.23,3.08,2.95
2171,1,1.32,2.63,3.42,3.08,2.95
2172,1,3.08,2.82,2.79,1.82,2.95
2173,1,3.08,2.69,2.37,1.60,2.95
2174,1,2.31,2.62,1.81,3.08,2.95
2175,0,1.65,2.67,3.34,3.08,2.95
2176,0,1.63,2.77,2.79,3.08,1.88
2177,0,3.11,2.79,3.59,3.08,3.99
2178,1,1.53,2.46,2.79,3.08,3.36
2179,1,3.08,2.82,2.79,1.79,2.59
2180,0,2.23,3.78,2.81,3.08,3.18
2181,0,2.23,2.62,2.37,3.08,2.67
2182,1,2.87,3.19,2.67,3.08,2.95
2183,1,1.48,3.51,2.55,2.08,3.36
2184,1,3.11,2.69,5.04,2.55,3.51
2185,1,2.76,3.51,2.55,1.87,3.69
2186,0,2.16,3.51,2.55,3.10,3.69
2187,1,2.02,3.51,2.01,2.55,3.52
2188,0,2.76,3.51,2.27,2.93,3.69
2189,1,2.76,3.51,2.81,2.05,3.72
2190,1,2.76,3.51,2.73,3.15,2.46
2191,0,2.17,3.51,2.76,1.88,3.27
2192,0,2.76,3.51,3.75,3.08,2.16
2193,1,2.76,3.51,3.82,1.92,3.06
2194,0,1.79,3.51,2.01,3.15,3.02
2195,1,2.32,3.51,2.83,1.78,1.98
2196,1,2.13,3.51,2.29,4.15,5.03
2197,1,3.53,3.51,3.37,2.91,2.61
2198,1,2.64,3.51,2.73,2.77,3.37
2199,0,3.34,3.51,3.72,2.72,3.05
2200,1,2.57,2.98,3.51,1.92,3.23
2201,0,2.05,3.51,2.35,2.68,3.02
2202,0,2.42,3.51,2.55,2.99,3.30
2203,0,2.02,2.28,3.07,3.88,2.75
2204,0,1.65,3.07,2.81,2.99,3.30
2205,1,1.65,3.07,2.81,3.03,2.98
2206,0,1.65,2.94,3.07,2.49,4.00
2207,0,1.65,4.05,3.07,3.01,2.58
2208,1,2.62,3.07,2.37,2.64,2.42
2209,0,2.72,3.07,2.67,3.36,2.02
2210,1,3.69,2.75,3.07,1.87,3.14
2211,0,2.40,1.97,3.07,2.16,3.70
2212,1,2.52,2.75,3.07,3.36,1.94
2213,0,2.56,2.09,3.07,2.62,1.94
2214,0,2.52,2.82,3.07,2.12,2.02
2215,1,1.48,2.49,3.07,1.87,2.02
2216,1,1.48,3.07,3.46,2.88,2.93
2217,0,1.65,3.17,3.07,3.08,1.56
2218,0,1.54,3.64,3.07,2.08,3.12
2219,0,3.07,3.64,1.45,1.97,3.70
2220,1,3.13,3.07,3.46,2.11,2.55
2221,0,1.54,2.01,3.08,3.07,3.52
2222,0,1.65,2.28,3.07,1.97,3.70
2223,1,1.54,4.05,1.68,2.57,2.78
2224,0,1.80,2.99,1.68,1.81,2.46
2225,0,2.74,3.23,1.68,2.76,2.41
2226,0,2.08,2.83,1.68,3.19,3.36
2227,1,2.16,3.23,1.68,3.92,3.72
2228,1,2.28,3.78,1.68,2.67,3.82
2229,0,2.95,1.79,1.68,2.31,2.88
2230,1,3.42,4.05,1.68,2.14,3.92
2231,0,1.68,4.05,2.21,1.50,4.15
2232,0,1.37,2.09,1.68,1.87,4.05
2233,1,2.92,4.05,1.68,2.63,2.86
2234,0,1.60,4.00,1.68,2.39,3.05
2235,1,1.68,2.47,2.83,2.62,3.33
2236,1,2.86,2.30,1.68,3.88,4.62
2237,1,1.79,4.05,1.68,2.76,2.38
2238,0,1.80,4.05,1.68,1.78,1.98
2239,1,2.53,4.05,1.68,2.57,2.78
2240,0,2.60,4.05,1.68,2.17,2.80
2241,0,1.10,4.05,1.68,2.37,2.58
2242,0,1.95,4.05,1.68,2.61,4.07
2243,1,2.27,2.62,2.36,2.08,3.47
2244,1,2.36,2.62,2.48,2.18,2.79
2245,1,2.43,2.62,2.36,2.44,2.99
2246,0,1.80,2.62,3.59,2.37,2.42
2247,0,2.16,2.71,2.62,2.37,3.47
2248,0,3.03,2.25,2.30,2.62,2.98
2249,0,2.68,2.62,2.36,3.78,3.18
2250,0,2.74,2.62,2.36,2.37,1.91
2251,1,2.36,2.62,2.32,2.08,2.02
2252,1,3.11,2.62,2.36,2.05,3.52
2253,0,1.37,2.62,1.81,2.49,3.14
2254,1,3.34,2.62,2.36,3.15,3.02
2255,1,3.34,2.62,2.36,4.15,2.37
2256,0,2.36,2.62,2.23,2.93,2.63
2257,0,2.36,2.62,3.82,2.37,3.94
2258,0,1.37,2.62,2.17,2.99,2.37
2259,0,2.26,2.62,2.52,2.37,3.14
2260,1,2.93,2.62,2.12,3.00,3.41
2261,1,2.67,2.62,2.36,3.01,2.58
2262,0,2.36,4.17,2.62,2.99,3.27
2263,1,1.10,2.15,4.13,4.07,3.06
2264,0,2.57,2.15,1.90,3.15,3.02
2265,1,4.35,2.55,2.15,2.75,3.72
2266,1,2.21,2.15,2.16,3.43,2.53
2267,0,1.10,2.15,2.49,3.43,2.53
2268,1,2.41,2.15,2.22,4.67,1.83
2269,0,2.63,2.15,2.49,1.94,2.54
2270,0,2.33,2.15,2.73,2.57,2.74
2271,0,2.04,2.15,2.00,3.15,2.52
2272,0,2.96,2.15,2.91,2.57,2.35
2273,1,1.10,2.15,2.55,2.08,1.94
2274,1,2.21,2.15,2.55,2.93,3.66
2275,1,1.67,2.66,2.65,4.67,2.15
2276,0,2.67,2.15,2.99,2.47,2.52
2277,0,2.64,3.99,2.15,2.63,2.49
2278,0,2.01,2.15,2.83,3.66,3.75
2279,0,2.22,2.15,1.94,3.66,3.34
2280,0,2.29,2.15,2.55,1.88,2.03
2281,0,3.02,2.15,2.63,2.55,2.67
2282,0,1.55,2.15,2.55,3.36,3.30
2283,1,2.76,3.51,3.82,1.92,3.06
2284,0,1.65,3.14,3.07,3.72,3.06
2285,0,2.88,2.78,3.63,2.22,3.06
2286,1,3.06,1.60,2.65,3.36,3.14
2287,1,2.11,4.55,1.72,2.99,3.06
2288,1,3.06,2.78,1.72,2.58,2.67
2289,1,3.06,3.80,4.46,2.93,2.66
2290,1,3.06,3.02,3.59,2.77,3.36
2291,1,1.10,2.34,3.59,3.09,3.06
2292,0,3.06,2.14,2.06,3.08,3.52
2293,1,1.65,2.86,2.23,2.49,3.06
2294,1,2.17,2.78,3.64,3.06,2.64
2295,1,3.06,2.76,2.53,2.17,3.54
2296,0,2.24,2.75,3.84,3.36,3.06
2297,0,3.06,2.62,2.15,2.58,1.91
2298,0,3.06,2.43,2.23,2.17,3.54
2299,1,1.42,2.04,3.29,2.88,3.06
2300,1,3.06,2.89,2.99,2.47,2.32
2301,1,3.06,3.89,1.72,2.14,3.84
2302,0,3.06,2.78,2.49,2.62,3.04
2303,1,1.79,3.20,2.81,2.70,3.27
2304,0,2.81,3.78,3.53,3.46,3.29
2305,0,2.20,3.58,2.81,2.69,2.94
2306,0,1.65,3.07,2.81,2.99,3.30
2307,1,1.65,3.07,2.81,3.03,2.98
2308,0,1.55,3.15,2.09,2.81,2.42
2309,1,2.76,3.51,2.81,2.05,3.72
2310,0,1.81,2.62,2.81,2.08,2.02
2311,0,4.15,2.62,1.65,2.81,5.03
2312,0,3.11,5.03,2.81,2.43,4.15
2313,1,2.67,3.62,2.81,2.11,2.55
2314,1,2.68,3.63,2.81,3.00,2.53
2315,0,3.34,1.60,2.81,2.37,2.01
2316,1,1.65,2.43,2.81,1.97,3.84
2317,1,2.59,2.93,2.81,2.84,4.24
2318,1,2.87,2.43,2.81,3.78,3.18
2319,1,3.59,2.05,2.81,2.65,2.42
2320,1,1.82,2.62,2.81,3.64,3.14
2321,1,2.68,2.81,3.34,2.89,3.02
2322,1,1.65,2.62,2.81,3.78,3.18
2323,1,1.48,3.51,2.55,2.08,3.36
2324,1,3.11,2.69,5.04,2.55,3.51
2325,1,2.76,3.51,2.55,1.87,3.69
2326,0,2.16,3.51,2.55,3.10,3.69
2327,1,2.02,3.51,2.01,2.55,3.52
2328,1,2.87,3.19,2.55,2.93,1.91
2329,1,2.20,3.63,2.55,3.03,2.98
2330,0,2.81,2.28,2.55,2.17,2.61
2331,0,2.20,2.05,2.55,1.88,1.94
2332,0,2.20,2.28,2.55,1.88,3.54
2333,0,2.20,2.28,2.55,2.93,2.66
2334,1,2.20,2.87,3.08,2.55,2.42
2335,0,2.87,2.20,2.55,3.08,2.02
2336,1,1.10,2.15,2.55,2.08,1.94
2337,1,2.21,2.15,2.55,2.93,3.66
2338,1,2.76,4.00,2.55,3.15,2.66
2339,1,2.76,2.94,2.55,2.69,3.11
2340,0,2.42,3.51,2.55,2.99,3.30
2341,0,2.55,3.51,2.29,2.52,2.83
2342,0,2.29,2.15,2.55,1.88,2.03
2343,0,1.94,4.55,2.37,1.88,2.95
2344,1,3.53,2.78,3.46,2.95,3.12
2345,1,2.43,3.38,2.27,1.48,2.95
2346,1,3.11,2.09,2.43,3.47,2.95
2347,1,2.68,2.09,4.46,3.47,2.95
2348,0,2.68,2.82,2.79,2.93,2.95
2349,0,2.67,3.19,2.23,3.08,2.95
2350,1,1.32,2.63,3.42,3.08,2.95
2351,1,3.08,2.82,2.79,1.82,2.95
2352,1,3.08,2.69,2.37,1.60,2.95
2353,1,2.31,2.62,1.81,3.08,2.95
2354,0,1.65,2.67,3.34,3.08,2.95
2355,0,2.23,3.19,2.52,2.17,2.95
2356,1,1.78,3.19,1.88,2.67,2.95
2357,0,2.52,3.19,2.11,2.89,2.95
2358,0,1.56,3.19,2.77,3.99,2.95
2359,1,2.87,3.19,2.67,3.08,2.95
2360,0,1.60,3.19,2.38,2.89,2.95
2361,1,2.53,3.19,2.86,3.36,2.95
2362,0,2.76,2.43,3.29,2.68,3.27
2363,1,2.35,3.69,2.68,2.80,3.82
2364,0,2.68,3.86,2.63,2.45,2.40
2365,0,2.62,2.68,1.94,3.30,2.99
2366,0,1.94,2.78,2.68,3.36,3.12
2367,0,2.68,2.78,3.12,1.88,2.75
2368,1,2.68,2.09,4.46,3.47,2.95
2369,0,1.48,2.94,2.68,3.43,2.66
2370,1,1.82,2.72,2.68,3.36,2.86
2371,1,2.68,3.72,3.47,3.36,2.72
2372,1,3.34,3.25,2.58,2.68,2.67
2373,0,2.68,2.46,3.82,1.88,2.42
2374,0,2.85,4.81,2.68,2.93,2.66
2375,1,2.68,2.52,4.46,2.43,1.94
2376,1,2.68,2.43,2.62,2.64,2.89
2377,0,2.68,2.05,2.77,2.49,4.00
2378,0,2.68,3.80,4.46,2.42,3.03
2379,0,2.29,3.80,4.46,2.68,2.89
2380,0,3.11,3.80,2.68,2.23,2.99
2381,1,3.11,3.53,3.47,2.68,2.02
2382,1,2.30,2.25,3.72,2.53,3.27
2383,1,3.34,3.72,3.11,2.55,2.46
2384,1,2.76,3.72,2.37,4.20,3.11
2385,0,2.30,3.72,2.59,4.20,3.38
2386,1,2.88,3.72,4.46,2.55,3.27
2387,1,2.68,3.72,3.47,3.36,2.72
2388,1,3.02,3.72,2.01,2.37,3.52
2389,0,2.20,3.72,2.02,1.82,2.67
2390,1,2.16,3.72,2.77,2.67,3.37
2391,0,2.86,3.72,2.38,2.65,3.87
2392,0,2.20,3.72,2.65,3.05,2.61
2393,0,1.90,3.72,2.02,2.91,1.91
2394,1,1.56,3.72,2.24,2.53,3.69
2395,0,1.65,3.14,3.07,3.72,3.06
2396,0,1.53,3.72,4.46,3.36,3.66
2397,1,2.68,3.72,3.75,3.08,3.69
2398,1,1.10,3.72,4.46,2.86,2.89
2399,0,3.34,3.72,3.63,3.03,2.42
2400,0,2.74,3.72,2.00,2.16,2.47
2401,1,2.88,3.72,2.00,2.91,3.53
2402,1,2.27,2.71,3.59,3.99,3.09
2403,1,2.68,2.75,1.88,3.09,3.99
2404,0,1.59,3.43,2.79,3.09,3.99
2405,1,1.65,2.43,3.07,2.05,3.99
2406,1,2.74,3.45,2.35,3.09,3.99
2407,1,2.76,3.95,2.37,2.47,3.99
2408,1,3.11,3.11,2.69,3.09,3.99
2409,1,1.60,2.69,2.81,3.09,3.99
2410,0,3.47,2.01,3.69,1.78,3.99
2411,0,2.41,3.69,2.67,1.78,3.99
2412,1,2.30,2.75,3.07,1.88,3.99
2413,0,1.56,3.29,2.99,3.07,3.99
2414,1,3.11,2.86,3.59,1.71,3.99
2415,0,3.11,2.79,3.59,3.08,3.99
2416,1,1.60,2.69,2.65,3.36,3.99
2417,0,2.75,2.62,3.07,2.11,3.99
2418,0,2.59,3.51,2.27,2.55,3.99
2419,1,1.54,2.05,2.65,2.11,3.99
2420,1,1.10,2.16,1.69,2.11,3.99
2421,0,1.53,2.78,2.77,2.02,3.99
2422,1,2.85,2.75,2.36,2.69,2.94
2423,0,1.80,2.94,1.63,2.69,1.87
2424,0,2.85,2.94,2.17,2.69,3.69
2425,0,2.21,2.12,1.95,2.69,2.51
2426,0,2.20,3.58,2.81,2.69,2.94
2427,0,3.43,2.76,3.19,2.69,3.15
2428,0,2.20,2.05,2.17,2.69,2.66
2429,0,2.03,2.40,3.32,2.69,3.36
2430,0,1.60,2.05,2.35,2.69,3.14
2431,0,2.52,2.30,3.75,2.69,2.05
2432,0,2.25,2.46,2.63,2.69,3.03
2433,0,3.11,3.48,3.34,2.69,1.91
2434,0,1.80,3.15,1.71,2.69,1.63
2435,0,2.16,3.72,2.00,2.69,3.02
2436,0,1.94,2.94,2.63,2.69,2.38
2437,1,1.55,2.94,3.42,2.69,2.02
2438,0,3.11,2.69,1.71,3.36,3.41
2439,1,2.99,5.03,2.43,2.69,4.15
2440,1,2.76,3.63,1.65,2.69,3.66
2441,0,1.60,2.69,3.34,2.69,2.76
2442,0,2.08,3.08,2.87,2.17,3.54
2443,0,2.85,2.78,3.82,2.17,3.54
2444,1,1.59,2.94,3.77,2.17,4.15
2445,1,2.20,2.17,3.33,2.93,3.82
2446,0,1.37,2.35,1.79,2.17,2.90
2447,1,1.37,3.29,2.40,2.17,3.54
2448,1,2.62,2.64,2.81,2.17,2.53
2449,0,2.17,4.73,2.52,2.99,2.53
2450,1,2.67,4.17,2.99,2.17,2.53
2451,0,2.17,4.17,2.99,2.69,3.11
2452,0,1.48,3.78,1.71,2.17,3.54
2453,1,2.42,2.53,2.52,2.17,3.54
2454,1,1.53,2.46,2.59,2.17,3.54
2455,1,2.17,4.00,2.06,2.08,2.82
2456,0,2.33,2.82,3.46,2.17,2.42
2457,0,2.33,2.82,3.46,2.17,3.54
2458,1,2.52,3.51,2.55,2.17,3.54
2459,1,1.54,2.05,3.34,2.17,3.54
2460,1,2.78,2.99,2.17,3.42,3.54
2461,0,2.20,2.05,3.33,2.17,3.54
2462,1,2.67,2.75,3.02,1.88,3.37
2463,0,1.48,2.14,3.02,3.78,3.18
2464,1,2.37,2.14,3.02,2.70,1.91
2465,1,2.99,3.79,3.02,2.32,2.60
2466,0,2.32,2.78,3.02,2.76,2.46
2467,1,3.34,3.11,3.02,2.72,4.15
2468,0,3.64,3.83,3.02,2.37,4.15
2469,1,1.65,2.76,3.02,1.76,3.14
2470,1,2.44,2.76,3.02,2.11,3.66
2471,1,2.79,3.78,3.02,2.80,3.36
2472,0,2.44,3.14,2.86,3.02,3.66
2473,1,2.44,2.28,3.02,2.40,3.66
2474,0,2.08,2.28,3.07,3.02,2.40
2475,0,2.05,1.88,3.02,1.78,3.02
2476,1,2.32,3.48,3.02,3.83,4.03
2477,1,3.02,2.46,1.56,3.36,4.72
2478,0,1.60,2.63,3.02,2.53,3.14
2479,0,1.65,3.45,3.02,3.01,2.09
2480,1,2.30,2.25,2.23,3.02,3.27
2481,1,2.27,3.92,4.46,2.93,3.69
2482,0,2.68,3.92,2.63,2.45,2.40
2483,1,1.59,3.92,3.64,2.79,3.01
2484,1,2.16,3.23,1.68,3.92,3.72
2485,0,2.29,3.92,2.44,2.49,4.00
2486,1,2.91,3.92,1.95,2.47,2.96
2487,0,2.95,3.86,1.95,1.78,2.66
2488,1,3.42,4.05,1.68,2.14,3.86
2489,1,2.31,2.68,2.21,3.86,7.29
2490,1,2.05,3.86,2.23,2.49,4.00
2491,1,2.31,3.86,1.63,3.43,2.73
2492,1,3.04,3.86,2.85,2.77,2.74
2493,1,2.11,3.86,2.65,2.67,2.85
2494,0,2.27,3.86,3.08,2.59,3.33
2495,1,2.04,2.92,3.86,2.40,4.36
2496,0,2.58,3.86,2.45,2.52,2.43
2497,0,1.65,2.30,1.69,3.86,3.53
2498,0,2.32,3.86,4.06,2.65,1.94
